local_patient_id,first_name,last_name,date_of_birth,sex,postcode,phone,fake_medicare_id,diagnosis_code,visit_date,hospital_id
167,landry,sanford,1944-07-29,F,2074,+61484005064,4145305755,346154,27/07/2011,0
183,edison,li,2024-04-07,M,2380,+61422169911,8457859038,953667,22/12/2004,0
159,marshall,ware,1974-09-04,F,2008,+61475258204,9752784850,48464,15/07/2003,0
251,trace,rosales,1969-12-11,M,2780,+61400282669,8283546712,899247,26/03/2000,0
202,kyle,montgomery,1973-12-20,M,2625,+61497740130,3776332032,932006,02/05/2014,0
154,anahi,barrera,1903-08-29,F,2074,+61435978916,9894518063,963474,18/11/2012,0
194,amanda,vega,2003-04-29,F,2646,+61457216934,9842414729,167844,09/12/2017,0
90,hattie,heath,1949-04-08,M,2709,+61423177808,1409013407,832289,30/10/2006,0
140,shelby,richardson,1968-05-26,F,2743,+61403897788,3266151100,406084,05/09/2000,0
37,renata,hicks,1981-04-13,M,2255,+61436056483,3683504527,59895,03/05/2024,0
189,saint,parra,1949-01-10,M,2775,+61433672842,6828079170,266516,08/01/2017,0
147,jericho,contreras,1905-01-08,F,2181,+61473921254,3510240337,485375,26/07/2003,0
185,emery,humphrey,1973-10-09,F,2473,+61434809482,3081096686,950099,10/08/2013,0
251,trace,rosales,1969-12-11,M,2780,+61400282669,8283546712,563065,04/08/2001,0
288,persephone,moses,1989-08-08,F,2603,+61404633978,3062559164,881459,19/07/2023,0
147,jericho,contreras,1905-01-08,F,2181,+61473921254,3510240337,978721,02/12/2001,0
289,adam,woodard,2007-09-12,M,2376,+61445479889,2461513966,453520,08/04/2005,0
132,jaycee,colon,1902-03-18,M,2942,+61473596743,6292156167,28965,11/07/2008,0
183,edison,li,2024-04-07,M,2380,+61422169911,8457859038,780785,05/11/2005,0
289,adam,woodard,2007-09-12,M,2376,+61445479889,2461513966,695223,10/08/2008,0
243,emiliano,lambert,2015-12-29,M,2019,+61408364667,8265810850,345826,24/06/2017,0
131,alison,berg,1995-04-09,M,2538,+61400472344,8209309526,272465,08/01/2012,0
178,kareem,wheeler,2014-11-25,F,2021,+61454626477,5338467030,257348,26/11/2010,0
288,persephone,moses,1989-08-08,F,2603,+61404633978,3062559164,366598,11/11/2007,0
110,ella,stout,1977-08-18,M,2731,+61489627745,6357099354,669392,17/02/2025,0
50,van,parsons,1929-07-28,M,2092,+61434250206,3699165765,949011,23/09/2002,0
263,hunter,trujillo,2007-12-02,M,2256,+61428882751,6823232568,432695,13/07/2024,0
225,felipe,horn,1943-03-30,F,2406,+61422112936,9203749045,746218,10/12/2008,0
225,felipe,horn,1943-03-30,F,2406,+61422112936,9203749045,964607,09/01/2019,0
168,aleah,peck,1908-02-23,M,2100,+61499958339,7831730581,748208,22/02/2003,0
73,mabel,chase,1907-04-02,F,2173,+61422354304,6209658731,263802,30/03/2003,0
137,dion,sanford,1991-07-13,M,2442,+61402794159,1967974037,158346,01/05/2004,0
288,persephone,moses,1989-08-08,F,2603,+61404633978,3062559164,896081,13/02/2009,0
110,ella,stout,1977-08-18,M,2731,+61489627745,6357099354,55377,05/01/2002,0
202,clark,hopkins,1972-09-18,M,2598,+61498493101,5585932979,956674,03/02/2004,0
56,raya,harding,2002-03-10,F,2697,+61452829070,6789536511,525471,16/01/2021,0
203,jalen,molina,1916-03-28,F,2399,+61441175891,5471285397,327877,14/06/2004,0
81,remington,rowland,1999-11-05,F,2644,+61497125183,8988409533,557282,05/09/2005,0
149,lyanna,kline,1988-12-18,M,2236,+61490845073,5387264885,696524,20/11/2019,0
147,jericho,contreras,1905-01-08,F,2181,+61473921254,3510240337,800486,22/09/2017,0
45,liana,richards,1943-10-28,M,2412,+61442483823,9280686784,25816,04/01/2020,0
153,enrique,reyes,1971-11-28,M,2735,+61427674241,2312094839,283105,12/07/2023,0
132,jaycee,colon,1902-03-18,M,2942,+61473596743,6292156167,839274,20/03/2011,0
112,addilynn,vaughan,1975-07-18,M,2461,+61422465824,3924400459,316502,06/11/2003,0
149,lyanna,kline,1988-12-18,M,2236,+61490845073,5387264885,60988,27/03/2017,0
100,stormi,gomez,1929-03-01,F,2915,+61496066307,7187679418,328422,16/09/2011,0
153,enrique,reyes,1971-11-28,M,2735,+61427674241,2312094839,272945,31/10/2005,0
185,garrett,trujillo,2003-11-22,F,2342,+61413548960,3559639634,897435,03/04/2005,0
185,adrian,austin,1949-06-27,F,2540,+61427878140,6729251980,98628,16/08/2013,0
110,ella,stout,1977-08-18,M,2731,+61489627745,6357099354,527161,03/01/2011,0
154,nikolas,merritt,2008-09-01,M,2211,+61423199836,2223127738,346143,19/03/2009,0
192,scarlett,bauer,2016-12-30,M,2027,+61401410111,9270404811,821687,05/11/2022,0
35,theodora,donaldson,2014-01-03,M,2768,+61448209850,7413507353,109774,01/08/2021,0
147,jericho,contreras,1905-01-08,F,2181,+61473921254,3510240337,549188,15/02/2020,0
154,nikolas,merritt,2008-09-01,M,2211,+61423199836,2223127738,561638,30/04/2023,0
140,shelby,richardson,1968-05-26,F,2743,+61403897788,3266151100,779280,25/01/2013,0
180,livia,hood,2016-04-22,F,2719,+61443218345,7427391326,388343,20/12/2008,0
154,anahi,barrera,1903-08-29,F,2074,+61435978916,9894518063,339970,17/05/2023,0
210,tessa,rose,2003-09-04,F,2931,+61436142079,4132749951,362157,15/05/2018,0
147,jericho,contreras,1905-01-08,F,2181,+61473921254,3510240337,68014,15/10/2025,0
81,remington,rowland,1999-11-05,F,2644,+61497125183,8988409533,854536,24/06/2013,0
185,emery,humphrey,1973-10-09,F,2473,+61434809482,3081096686,328887,09/12/2023,0
180,cecilia,hurley,2007-12-31,F,2915,+61427748247,3961788762,334286,19/05/2013,0
263,hunter,trujillo,2007-12-02,M,2256,+61428882751,6823232568,341090,25/03/2012,0
194,emerald,pierce,1971-03-28,F,2950,+61413418311,5103071699,525397,01/05/2023,0
251,trace,rosales,1969-12-11,M,2780,+61400282669,8283546712,127784,08/08/2023,0
115,thalia,campbell,1912-06-22,F,2261,+61470783798,5088626994,958837,23/03/2014,0
100,stormi,gomez,1929-03-01,F,2915,+61496066307,7187679418,822825,09/08/2014,0
112,addilynn,vaughan,1975-07-18,M,2461,+61422465824,3924400459,72191,15/09/2025,0
243,emiliano,lambert,2015-12-29,M,2019,+61408364667,8265810850,503000,17/07/2012,0
94,clark,dougherty,2006-07-02,F,2265,+61437166812,2722634749,972678,02/05/2016,0
153,enrique,reyes,1971-11-28,M,2735,+61427674241,2312094839,855250,25/01/2017,0
52,raelynn,melendez,1984-03-18,M,2720,+61482518497,1731644238,840295,20/12/2025,0
288,persephone,moses,1989-08-08,F,2603,+61404633978,3062559164,51094,13/01/2006,0
101,eithan,phan,1915-01-09,M,2862,+61488545764,5647190204,603565,28/01/2022,0
203,kelsey,cisneros,1924-04-01,F,2218,+61435773782,3896762489,737062,03/01/2011,0
136,madison,frost,1921-11-09,M,2900,+61451439801,6174669971,379142,11/03/2015,0
178,kareem,wheeler,2014-11-25,F,2021,+61454626477,5338467030,422131,08/08/2016,0
88,elodie,mccoy,2001-04-12,F,2918,+61437202841,2270184796,627323,02/11/2020,0
192,scarlett,bauer,2016-12-30,M,2027,+61401410111,9270404811,532197,14/11/2023,0
227,gia,lambert,1955-12-26,M,2431,+61425238208,2109909025,155562,21/04/2001,0
203,kelsey,cisneros,1924-04-01,F,2218,+61435773782,3896762489,590113,02/12/2009,0
160,malcolm,terry,1998-11-15,M,2861,+61490343768,1302595366,193568,21/01/2005,0
260,juan,cardenas,1988-10-27,F,2768,+61422628783,5180885364,984819,10/06/2018,0
100,stormi,gomez,1929-03-01,F,2915,+61496066307,7187679418,851159,31/03/2002,0
210,tessa,rose,2003-09-04,F,2931,+61436142079,4132749951,714413,23/06/2024,0
73,mabel,chase,1907-04-02,F,2173,+61422354304,6209658731,214271,18/10/2004,0
206,remington,giles,1998-04-06,F,2547,+61465028317,3287157766,662848,30/12/2002,0
136,madison,frost,1921-11-09,M,2900,+61451439801,6174669971,672171,12/08/2023,0
52,raelynn,melendez,1984-03-18,M,2720,+61482518497,1731644238,832792,07/04/2003,0
159,marshall,ware,1974-09-04,F,2008,+61475258204,9752784850,536322,11/10/2007,0
258,wrenley,khan,2022-05-21,F,2562,+61433583935,7620166616,619037,23/12/2000,0
203,jalen,molina,1916-03-28,F,2399,+61441175891,5471285397,744781,30/10/2021,0
280,addison,hoover,2008-05-16,F,2593,+61473976848,4308212158,934577,12/11/2009,0
194,amanda,vega,2003-04-29,F,2646,+61457216934,9842414729,907536,21/02/2022,0
229,hana,russell,2019-06-30,M,2516,+61467082010,5368841589,474160,31/01/2019,0
185,adrian,austin,1949-06-27,F,2540,+61427878140,6729251980,570925,20/06/2016,0
294,kalel,gallagher,1939-08-02,F,2228,+61470316055,3785313879,761076,17/08/2021,0
85,ramon,logan,1991-03-25,F,2533,+61452781805,6886350040,427096,05/07/2011,0
194,amanda,vega,2003-04-29,F,2646,+61457216934,9842414729,783059,15/05/2000,0
