Lilliana,Liliana,Liliana,Lily,Lili
Lukas,Lucas,Lukas,Lucca,Luke
Chana,Chana,Chaya,Hana,Chanah
Reginald,Reggie,Reginald,Regnold,Reg
Isabela,Isabella,Isabela,Izabela,Bella
Zeke,Ezekiel,Zeke,Zekiel,Zeek
Aliza,Aliza,Alissa,Aleesa,Alyza
Kabir,Kabir,Kabeer,Kabeir,Kabs
Ensley,Ensley,Ensleigh,Ensli,Ens
Sean,Shawn,Sean,Shaun,Sein
Allison,Alison,Allison,Alyson,Alli
Ethan,Ethan,Ethen,Ethyn,Eth
Adelina,Adelina,Adelina,Adalina,Addie
Kole,Cole,Kole,Koal,Kol
Elsa,Elsa,Elsah,Elza,El
Ira,Ira,Eyra,Ire,Irah
Emily,Emily,Emilee,Emely,Em
Krew,Crew,Krew,Kru,Krewy
Alina,Alina,Aleena,Alena,Ali
Braxton,Braxton,Brackston,Braxten,Brax
Raelyn,Raelynn,Raelyn,Raylyn,Ray
Hamza,Hamza,Hamzah,Hamsa,Ham
Siena,Sienna,Siena,Ciena,Sien
Canaan,Canaan,Kaynan,Canan,Cane
Lorelei,Lorelai,Lorelei,Loralei,Rory
Mario,Mario,Marrio,Mhario,Mar
Aaliyah,Aliyah,Aaliyah,Aleah,Ali
Bryan,Brian,Bryan,Bryen,Bry
Iyla,Isla,Iyla,Ilah,Ily
Quinton,Quentin,Quinton,Kwinton,Quin
Kinley,Kinley,Kinleigh,Kinli,Kin
Nikolas,Nicholas,Nikolas,Nicolas,Niko
Chaya,Chaya,Chana,Chaia,Chai
Emory,Emory,Emery,Emori,Em
Journey,Journey,Journee,Journy,Jour
Beckett,Beckett,Beket,Bekett,Beck
Lina,Lina,Leena,Lynah,Lin
Dior,Dior,Dyore,Diorr,Di
Nina,Nina,Neena,Nyna,Nin
Franklin,Franklin,Franklyn,Franken,Frank
Mila,Mila,Meela,Mylah,Mil
Hugo,Hugo,Ugo,Hugu,Hug
Alora,Alora,Allora,Alorah,Alo
Nash,Nash,Nashe,Nashh,Nas
Emely,Emily,Emely,Emilee,Emm
Dangelo,D'Angelo,Dangelo,Deangelo,Angelo
Ainsley,Ainsley,Ainsleigh,Ainsley,Ans
Giovanni,Giovanni,Geovanny,Giovani,Gio
Isabelle,Isabel,Isabelle,Izabel,Izzy
Harley,Harley,Harlie,Harlee,Harl
Oaklee,Oakley,Oaklee,Oakleigh,Oak
Zaiden,Zayden,Zaiden,Zaidan,Zaid
Emelia,Amelia,Emelia,Emilia,Emmie
Talon,Talon,Tallon,Talyn,Tal
Adele,Adele,Adel,Adell,Addie
Amir,Ameer,Amir,Amyr,Am
Adalynn,Adalyn,Adalynn,Addalyn,Addie
Wyatt,Wyatt,Wyat,Wyiatt,Wi
Miriam,Miriam,Myriam,Mirum,Miri
Tommy,Tommy,Tommie,Tomm,Tom
Jenna,Jenna,Genna,Jenah,Jen
Atlas,Atlas,Atlas,Atles,At
Simone,Simone,Cimone,Symone,Mon
Zain,Zane,Zain,Zayne,Zai
Maren,Maren,Marin,Mayren,Mar
John,John,Jon,Jhon,Johnny
Mabel,Mabel,Maybel,Mable,May
Matias,Matthias,Matias,Mateas,Mat
Holly,Holly,Holi,Hollie,Hol
Cristian,Christian,Cristian,Kristian,Cris
Shelby,Shelby,Shelbie,Shel,Shell
Magnus,Magnus,Magnis,Magness,Mag
Madalyn,Madeleine,Madalyn,Madeline,Maddie
Corbin,Corbin,Korbin,Corby,Cor
Keyla,Kayla,Keyla,Keila,Key
Duncan,Duncan,Dunkin,Duncn,Dunc
Theodora,Theodora,Teodora,Thea,Theo
Kamdyn,Camden,Kamdyn,Kamden,Kam
Oaklee,Oakley,Oaklee,Oakleigh,Oak
Louie,Louis,Louie,Lewie,Lou
Kaliyah,Aliyah,Kaliyah,Caliyah,Kali
Thomas,Thomas,Tomas,Thom,Tom
Siena,Siena,Sienna,Ciena,Sien
Kylian,Kilian,Kylian,Killian,Ky
Parker,Parker,Parkur,Park,Parky
Eric,Erik,Eric,Erick,Er
Annie,Annie,Any,Anni,Ann
Sawyer,Sawyer,Soyers,Soyor,Saw
Fallon,Fallon,Falon,Fallyn,Fal
Zyaire,Zaire,Zyaire,Zyair,Zy
Delilah,Delilah,Dylilah,Dalyah,Lilah
Jayson,Jason,Jayson,Jasun,Jay
Noemi,Noemi,Noemi,Noemy,Noe
Willie,Willie,Willy,Will,Will
Wren,Wren,Renn,Wrenn,Ren
Emanuel,Emmanuel,Emanuel,Emanule,Manny
Zhuri,Zhuri,Zuri,Zhoori,Zhu
Crew,Krew,Crew,Kru,Cre
Aubrey,Aubrey,Aubrie,Aubry,Aub
Turner,Turner,Turnur,Turn,Turn
Oakleigh,Oakley,Oakleigh,Oaklee,Oak
Zayd,Zaid,Zayd,Zayed,Zay
Scarlett,Scarlet,Scarlett,Scarlett,Scar
Jack,Jack,Jak,Jakk,Jackie
Livia,Livia,Livivia,Lyvia,Liv
Brantley,Brantley,Brantly,Brantlee,Brant
Jemma,Gemma,Jemma,Jema,Jem
Weston,Weston,Westin,Wesyn,Wes
Emerald,Emerald,Emereld,Emmerald,Em
Lincoln,Lincoln,Lincin,Linkoln,Linc
Gemma,Gemma,Jemma,Gema,Gem
Edison,Edison,Addison,Edison,Eddy
Peyton,Peyton,Payton,Peiton,Pey
Noe,Noah,Noe,Noah,No
Maren,Marin,Maren,Mayren,Mar
Prince,Prince,Prins,Prinse,Prin
Gia,Gia,Gya,Giah,Gi
Sean,Shawn,Sean,Shaun,Sein
Averie,Avery,Averie,Avary,Ave
Ledger,Ledger,Lejger,Ledge,Led
Gianna,Giana,Gianna,Gia,Gia
Beckham,Beckham,Bekham,Bekam,Beck
Sylvie,Sylvia,Sylvie,Silvie,Syl
Louie,Louis,Louie,Lewie,Lou
Maxine,Maxine,Maxeen,Maxin,Max
Devin,Devin,Devon,Devyn,Dev
Tatum,Tatum,Taytum,Tatem,Tat
Callen,Callan,Callen,Calen,Cal
Alyssa,Alyssa,Alissa,Aleesa,Ally
Atlas,Atlas,Atles,Atlys,At
Lillie,Lily,Lillie,Lily,Lil
Sam,Sam,Sammy,Samm,Sam
Faye,Fay,Faye,Fayh,Fa
Kyson,Kyson,Kison,Kaisen,Ky
Alanna,Alana,Alanna,Alannah,Allie
Zechariah,Zachariah,Zechariah,Zakaria,Zech
Pearl,Pearl,Perl,Pearle,Per
Hugh,Hugh,Hew,Hue,Hu
Serena,Serena,Sirena,Sereena,Ser
Lukas,Lucas,Lukas,Lucca,Luke
Amaia,Amaya,Amaia,Amayah,Amy
Cillian,Kilian,Cillian,Killian,Cil
Alisson,Allison,Alisson,Alison,Ali
Vance,Vance,Vans,Vants,Van
Maria,Maria,Mariah,Mariya,Mari
Bo,Beau,Bo,Boh,Bo
Sierra,Sierra,Cierra,Siera,Si
Miguel,Miguel,Migel,Migeal,Mig
Aniyah,Aniya,Aniyah,Ania,Ani
Ariel,Ariel,Aryel,Aryell,Ari
Keily,Kiley,Keily,Kailey,Key
Hugo,Hugo,Ugo,Hugu,Hug
Oaklynn,Oaklyn,Oaklynn,Oaklin,Oak
Peter,Peter,Petar,Peeter,Pete
Parker,Parker,Parkur,Park,Parky
Bentlee,Bentley,Bentlee,Bently,Bent
Liliana,Liliana,Lilliana,Lilyana,Lily
Axel,Axel,Aksel,Axell,Ax
Rosalyn,Rosalyn,Rosalin,Rozlyn,Roz
Musa,Musa,Moosa,Mousa,Mus
Nadia,Nadia,Nadya,Nadea,Nad
Madden,Madden,Madin,Madon,Mad
Fatima,Fatima,Fateema,Fatimah,Fat
Tadeo,Thaddeus,Tadeo,Tadeeo,Tad
Lily,Lillie,Lily,Lilli,Lil
Zion,Zion,Xion,Ziyan,Zi
Ryann,Ryan,Ryann,Rian,Ry
Kylen,Kylen,Kilen,Kylin,Ky
Emilia,Amelia,Emilia,Emelia,Emmie
Archer,Archer,Artcher,Archar,Arch
Jaelynn,Jalynn,Jaelynn,Jailyn,Jay
Dean,Dean,Deen,Deane,De
Hadassah,Hadassah,Hadasah,Hadasa,Hada
Kelvin,Kelvin,Kelven,Kelvyn,Kel
Lauren,Lauren,Loren,Laurin,Lau
Adler,Adler,Adlar,Addler,Add
Juliette,Juliet,Juliette,Juliett,Julie
Arturo,Arturo,Arturo,Arturo,Art
Louise,Louise,Luise,Louize,Lou
Henrik,Henrik,Hendrik,Henrick,Hen
Christina,Christina,Cristina,Christyn,Chris
Andre,Andre,Andrey,Andrae,And
Ella,Ella,Elah,Ellah,El
Elliott,Elliot,Elliott,Eliot,Eli
Angie,Angie,Angy,Ange,Ang
Yahir,Yahir,Jaheer,Yahyr,Yah
Selena,Selena,Selina,Salena,Sel
Luca,Luca,Luka,Lucca,Luc
Kaylie,Kaylee,Kaylie,Kailey,Kay
Marcellus,Marcellus,Marsellus,Marcel,Mar
Nyla,Nyla,Nila,Nylla,Ny
Garrett,Garrett,Garet,Garret,Gar
Nora,Nora,Norah,Noora,Nor
Alijah,Alijah,Aaliyah,Alyjah,Ali
Jordyn,Jordan,Jordyn,Jordin,Jord
Conrad,Conrad,Konrad,Conrod,Con
Mackenzie,Macenzie,Mackenzie,Makenzie,Mac
Kaysen,Kayson,Kaysen,Kasen,Kay
Kiana,Kiana,Keana,Kianna,Ki
Rocky,Rocky,Roki,Rockie,Rock
Harley,Harley,Harlie,Harlee,Harl
Brixton,Brixton,Brickston,Brixten,Brix
Paityn,Payton,Paityn,Paytn,Pay
Abdullah,Abdullah,Abdulla,Abdallah,Abdu
Cecilia,Cecilia,Celia,Cecile,Cece
Leland,Leland,Leeland,Lelnd,Lee
Dalary,Dalary,Dallary,Dlari,Dal
Ibrahim,Ibrahim,Abrahim,Ibram,Ib
Madalyn,Madeleine,Madalyn,Madeline,Maddie
Jace,Jace,Jase,Jayce,Jay
Annika,Annika,Anika,Anyka,Ann
Jaxx,Jax,Jaxx,Jaxn,Jax
Belle,Belle,Bell,Bel,Bel
Kieran,Kieran,Keiran,Kieren,Kier
Ellen,Helen,Ellen,Elen,El
Houston,Houston,Huston,Houstn,House
Luciana,Luciana,Lusiana,Luci,Lucy
Jackson,Jackson,Jaxon,Jakson,Jack
Paris,Paris,Parris,Paryss,Par
Marco,Marco,Marko,Marco,Mar
Mikayla,Michaela,Mikayla,Mckayla,Mika
Maximus,Maximus,Maxymus,Max,Max
Ryleigh,Riley,Ryleigh,Rylie,Ry
Brodie,Brody,Brodie,Brody,Bro
Raven,Raven,Rayven,Ravyn,Rav
Mack,Mack,Mac,Mak,Mac
Beatrice,Beatrice,Beatrix,Beatrice,Bea
Levi,Levi,Levy,Leavy,Lev
Faith,Faith,Fayth,Fathe,Fai
Rex,Rex,Recks,Reks,Re
Karter,Carter,Karter,Kartr,Kart
Maximiliano,Maximilian,Maximiliano,Max,Max
Mylah,Myla,Mylah,Milah,My
Bruce,Bruce,Broos,Bruc,Bru
Arabella,Arabella,Arabella,Bella,Ara
Cannon,Cannon,Canon,Canton,Can
Oakley,Oakley,Oaklee,Oakleigh,Oak
Tony,Tony,Toni,Toney,Ton
Zelda,Zelda,Zellda,Zeldah,Zel
Johnathan,Jonathan,Johnathan,Jonathon,John
Keira,Kiera,Keira,Kiera,Kei
Jaziel,Jaziel,Jazel,Jaziell,Jazz
Dior,Dior,Dyore,Diorr,Di
Flynn,Flynn,Flinn,Flyn,Fly
Amayah,Amaya,Amayah,Amaia,Amy
Damon,Damon,Daymon,Damyn,Dam
Danna,Dana,Danna,Dannah,Dan
Cruz,Cruz,Crooz,Cruze,Cru
Annie,Annie,Any,Anni,Ann
Eli,Eli,Ely,Elijah,El
Anahi,Anahi,Anahee,Anahy,Ana
Malcolm,Malcolm,Malcom,Malcolm,Mal
Scarlette,Scarlet,Scarlette,Scarlett,Scar
Walter,Walter,Wolter,Waltr,Walt
Sydney,Sydney,Sidney,Sydni,Syd
Tripp,Trip,Tripp,Trp,Trip
Laila,Laila,Layla,Lyla,Lai
Remi,Remi,Remy,Remmie,Rem
Tinsley,Tinsley,Tinsely,Tinslee,Tins
Dion,Dion,Dian,Diyon,Dio
Magdalena,Magdalena,Magdalene,Maggie,Lena
Zachariah,Zachariah,Zechariah,Zakary,Zach
Eden,Eden,Edyn,Eydan,Ed
Kelvin,Kelvin,Kelven,Kelvyn,Kel
Jaylee,Jaylee,Jayley,Jali,Jay
Reid,Reid,Reed,Reide,Rei
Elizabeth,Elizabeth,Elisabeth,Eliza,Liz
Keanu,Keanu,Kianu,Keano,Kea
Luisa,Luisa,Louisa,Luiza,Lui
Brady,Brady,Braidy,Bradie,Brad
Paola,Paola,Paula,Paolla,Pao
Krew,Crew,Krew,Kru,Krewy
Kayleigh,Kaylee,Kayleigh,Kayley,Kay
Eithan,Ethan,Eithan,Ethen,Eth
Novalee,Novalee,Novali,Novaly,Nova
Jamal,Jamal,Jameel,Jamall,Jam
Sofia,Sofia,Sophia,Sofiya,Sof
Kayson,Kayson,Kasen,Kaison,Kay
Lyla,Lyla,Lila,Lylah,Ly
Dorian,Dorian,Doryan,Dori,Dor
Briana,Brianna,Briana,Bryana,Bri
Idris,Idris,Idriss,Idrys,Id
Remington,Remington,Remingtn,Remmy,Rem
Mark,Mark,Marc,Marke,Mar
Kaitlyn,Kaitlyn,Katelyn,Caitlin,Kate
Quentin,Quentin,Quinton,Kwentin,Quin
Khaleesi,Khaleesi,Khalesi,Khaleesy,Kali
Thaddeus,Thaddeus,Taddeus,Thad,Thad
Zoe,Zoe,Zoey,Zoi,Zo
Luis,Luis,Lewis,Luis,Lu
Persephone,Persephone,Persefoni,Percy,Seph
Cain,Cain,Cane,Kayne,Cai
Aya,Aya,Ayah,Aia,Ay
Jalen,Jalen,Jaylen,Jaylin,Jay
Everlee,Everly,Everlee,Everleigh,Ev
Samson,Samson,Sampson,Samsn,Sam
Aubrie,Aubrey,Aubrie,Aubry,Aub
Romeo,Romeo,Romio,Rome,Rom
Addison,Addison,Adison,Addyson,Addie
Alvin,Alvin,Alvyn,Alvinn,Al
Alessandra,Alessandra,Alejandra,Alessia,Ali
Dariel,Dariel,Daryel,Daryl,Dar
Eden,Eden,Edyn,Eydan,Ed
Jett,Jet,Jett,Jettr,Jet
Juliet,Juliet,Juliette,Juliett,Julie
Armando,Armando,Armando,Arman,Mando
Paige,Paige,Paige,Payge,Paig
Callahan,Callahan,Calahan,Cal,Cal
Elise,Elise,Aleese,Elize,El
Hugh,Hugh,Hew,Hue,Hu
Angela,Angela,Angella,Angie,Ang
Zev,Zev,Zevy,Zeve,Ze
Emmie,Emmy,Emmie,Emmi,Em
Micah,Micah,Mica,Mycah,Mi
Francesca,Francesca,Franceska,Frankie,Fran
Emilio,Emilio,Emillio,Emil,Mili
Kali,Kali,Cali,Kalie,Kal
Enrique,Enrique,Enrik,Enriq,Rick
Emani,Emani,Imani,Emany,Em
Edison,Edison,Addison,Edison,Eddy
Nina,Nina,Neena,Nyna,Nin
Zaire,Zaire,Zyair,Zayer,Zai
Karter,Carter,Karter,Kartr,Kart
Lyric,Lyric,Liric,Lyrick,Ly
Ryan,Ryan,Rian,Ryann,Ry
Apollo,Apollo,Apolo,Apollon,Pollo
Alejandra,Alejandra,Alessandra,Ale,Alex
Blaze,Blaze,Blayze,Blaz,Bla
Bailey,Bailey,Bayley,Bayli,Bay
Peter,Peter,Petar,Peeter,Pete
Kaisley,Kaisley,Kaysley,Kaisli,Kais
Zion,Zion,Xion,Ziyan,Zi
Mabel,Mabel,Maybel,Mable,May
Boden,Boden,Bodhin,Bodn,Bod
Stormi,Stormy,Stormi,Storm,Storm
Louie,Louis,Louie,Lewie,Lou
Vivian,Vivian,Vivienne,Viv,Viv
Ermias,Ermias,Ermyas,Ermi,Erm
Cassidy,Cassidy,Cassidee,Cass,Cass
Vincenzo,Vincenzo,Vinsenso,Vince,Vin
Antonella,Antonella,Antonnella,Anto,Nella
Westley,Wesley,Westley,Westly,Wes
Andi,Andi,Andy,Andee,And
Barrett,Barrett,Barret,Baret,Bar
Denise,Denise,Denice,Deneese,Den
Erik,Eric,Erik,Erick,Er
Nyla,Nyla,Nila,Nylla,Ny
Jamison,Jamison,Jameson,Jamisyn,Jam
Ryleigh,Riley,Ryleigh,Rylie,Ry
Willie,Willie,Willy,Will,Will
Cassidy,Cassidy,Cassidee,Cass,Cass
Jefferson,Jefferson,Jeferson,Jeff,Jeff
Thalia,Thalia,Talia,Thalya,Thal
Hayden,Hayden,Haiden,Haydn,Hay
Sabrina,Sabrina,Sabreena,Sab,Sab
Keegan,Keegan,Kegan,Keagen,Keeg
Kimber,Kimber,Kimbur,Kimbr,Kim
Johnathan,Jonathan,Johnathan,Jonathon,John
Mara,Mara,Marah,Marra,Mar
Holden,Holden,Holdn,Holdn,Hold
Hana,Hana,Hannah,Hanna,Han
Zahir,Zahir,Zaheer,Zahyr,Zah
Jaylah,Jaylah,Jailah,Jayla,Jay
Maurice,Maurice,Morice,Morris,Mor
Zoya,Zoya,Zoia,Zoyah,Zoy
Henry,Henry,Henrey,Henr,Hank
Brooklynn,Brooklyn,Brooklynn,Brooke,Brook
Alexander,Alexander,Alexander,Alec,Alex
Eliana,Eliana,Elliana,Elianna,Eli
Ace,Ace,Ais,Ase,Ac
Kenna,Kenna,Kena,Kennah,Ken
Leo,Leo,Leeo,Leoh,Le
Denisse,Denise,Denisse,Denice,Den
Kristian,Christian,Kristian,Cristian,Kris
Lila,Lila,Lyla,Liliah,Lil
Arturo,Arturo,Arturo,Arturo,Art
Noor,Noor,Nour,Noore,Noo
Kobe,Kobe,Kobi,Koab,Kob
Kaisley,Kaisley,Kaysley,Kaisli,Kais
Phillip,Philip,Phillip,Phil,Phil
Harmoni,Harmony,Harmoni,Harmonie,Harm
Milan,Milan,Millen,Myln,Mil
Alison,Alison,Allison,Alyson,Ali
Ricky,Ricky,Ricki,Rikky,Rick
Adalyn,Adalyn,Adalynn,Addalyn,Addie
Langston,Langston,Langstn,Lang,Lang
Averie,Avery,Averie,Avary,Ave
Alfred,Alfred,Alfy,Al,Fred
Alma,Alma,Almah,Alm,Al
Kole,Cole,Kole,Koal,Kol
Paityn,Payton,Paityn,Paytn,Pay
Adler,Adler,Adlar,Addler,Add
Rowan,Rowan,Roan,Rowen,Ro
Gerald,Gerald,Geralt,Jerry,Gerry
Sariah,Sariah,Sarai,Saria,Sari
Juelz,Juelz,Jules,Juels,Jules
Sabrina,Sabrina,Sabreena,Sab,Sab
Jacob,Jacob,Jakob,Jake,Jake
Lainey,Lainey,Laney,Layni,Lain
Chance,Chance,Chanse,Chans,Chan
Lennox,Lennox,Lenox,Lennx,Len
Jedidiah,Jedidiah,Jedediah,Jed,Jed
Kori,Kori,Corey,Kory,Kor
Juelz,Juelz,Jules,Juels,Jules
Amanda,Amanda,Amandah,Mandy,Amy
Emerson,Emerson,Emersyn,Emmerson,Em
Veda,Veda,Veeda,Vedah,Ved
Iker,Iker,Icker,Ikerr,Ik
Loretta,Loretta,Luretta,Etta,Lori
Juan,Juan,Wan,Juahn,Ju
Kimber,Kimber,Kimbur,Kimbr,Kim
Phillip,Philip,Phillip,Phil,Phil
Aaliyah,Aliyah,Aaliyah,Aleah,Ali
Maurice,Maurice,Morice,Morris,Mor
Nalani,Nalani,Nalanii,Nalny,Nal
Cash,Cash,Kash,Cahsh,Cas
Arianna,Ariana,Arianna,Aryana,Ari
Calvin,Calvin,Calvyn,Cal,Cal
Lyric,Lyric,Liric,Lyrick,Ly
Rhys,Reece,Rhys,Reese,Ree
Cecilia,Cecilia,Celia,Cecile,Cece
Zayn,Zane,Zayn,Zayne,Zai
Laney,Laney,Lainey,Layni,Lane
Steven,Steven,Stephen,Stevan,Steve
Paislee,Paisley,Paislee,Paisly,Pais
Samson,Samson,Sampson,Samsn,Sam
Jordyn,Jordan,Jordyn,Jordin,Jord
Antonio,Antonio,Antono,Antony,Tony
Makenzie,Mackenzie,Makenzie,Mckenzie,Mac
Giovanni,Geovanny,Giovanni,Giovani,Gio
Madison,Madison,Maddison,Madi,Madd
Cash,Cash,Kash,Cahsh,Cas
Abby,Abby,Abbie,Abi,Ab
Joe,Joe,Jo,Joey,Joe
Averi,Avery,Averi,Avary,Ave
Carter,Carter,Karter,Cartr,Cart
Raya,Raya,Raia,Rayah,Ray
Ali,Ali,Aly,Alie,Al
Eve,Eve,Eeve,Ev,Ev
Ahmir,Ameer,Ahmir,Ahmyr,Am
Ellison,Ellison,Elison,Ellisyn,Ell
Boden,Boden,Bodhin,Bodn,Bod
Emma,Emma,Ema,Emmalyn,Em
Anderson,Anderson,Andersn,Andersen,Andy
Allie,Allie,Ally,Ali,Al
Gideon,Gideon,Gideons,Gid,Gid
Valery,Valerie,Valery,Val,Val
Reginald,Reggie,Reginald,Regnold,Reg
Faith,Faith,Fayth,Fathe,Fai
Ramon,Ramon,Raymon,Ramn,Ram
Ariella,Ariella,Ariela,Ari,Ella
Gideon,Gideon,Gideons,Gid,Gid
Liberty,Liberty,Libby,Libbie,Lib
Crosby,Crosby,Crosbee,Cros,Cross
Alani,Alani,Allani,Alany,Al
Ryder,Ryder,Rider,Ryder,Ryd
Emani,Emani,Imani,Emany,Em
Khari,Khari,Kari,Khary,Kha
Cora,Prince,Cora,Corah,Cor
Prince,Prince,Prins,Prinse,Prin
Leyla,Layla,Leyla,Leila,Ley
Damir,Damir,Dameer,Damyr,Dam
Lillie,Lily,Lillie,Lily,Lil
Saint,Saint,Saintt,Saynt,San
Halle,Halle,Hallie,Haley,Hal
Shepherd,Shepherd,Shephard,Shep,Shep
Kyra,Kyra,Kira,Keira,Ky
Stephen,Stephen,Steven,Stefen,Steve
Chandler,Chandler,Chandlr,Chan,Chan
Jericho,Jericho,Jerycho,Jeriko,Jerry
Stormi,Stormy,Stormi,Storm,Storm
Jayson,Jason,Jayson,Jasun,Jay
Jazmin,Jasmine,Jazmin,Yasmin,Jazz
Rowen,Rowan,Rowen,Roan,Row
Denver,Denver,Denvr,Den,Den
Sebastian,Sebastian,Sebastien,Seb,Bash
Willa,Willa,Willah,Will,Will
Juan,Juan,Wan,Juahn,Ju
Aleah,Alia,Aleah,Alea,Ali
Tyson,Tyson,Tison,Tysn,Ty
Evelyn,Evelyn,Evalyn,Evilyn,Ev
Willie,Willie,Willy,Will,Will
Sadie,Sadie,Sady,Saide,Sad
Blaise,Blaze,Blaise,Blayse,Bla
Chloe,Chloe,Cloe,Chloee,Chlo
Gavin,Gavin,Gavyn,Gavn,Gav
Alianna,Aliana,Alianna,Ali,Ana
Kolton,Colton,Kolton,Koltn,Kol
Alaya,Alaya,Allaya,Alayah,Al
Finn,Finn,Finn,Fyn,Fin
Kiana,Kiana,Keana,Kianna,Ki
Jonah,Jonah,Jona,Jonas,Jon
Kylie,Kylie,Kiley,Kylee,Ky
Louie,Louis,Louie,Lewie,Lou
Lilah,Lilah,Lila,Lylah,Lil
Thaddeus,Thaddeus,Taddeus,Thad,Thad
Analia,Analia,Analiah,Ana,Lia
Emiliano,Emiliano,Emilliano,Emil,Mili
Siena,Siena,Sienna,Ciena,Sien
Trace,Trace,Trase,Trays,Tra
Kaylie,Kaylee,Kaylie,Kailey,Kay
Vicente,Vicente,Vicent,Vic,Vince
Michelle,Michelle,Michele,Shelly,Mich
Clyde,Hana,Clyde,Clyde,Cly
Douglas,Douglas,Douglas,Doug,Doug
Mazikee,Mazikeen,Mazikee,Maz,Maz
Tyler,Tyler,Tylor,Tylr,Ty
Emelia,Amelia,Emelia,Emilia,Emmie
Omari,Omari,Omary,Omar,Om
Madeleine,Madeline,Madeleine,Maddie,Mady
Jasper,Jasper,Jesper,Jaspur,Jas
Sophie,Sophia,Sophie,Sofi,Soph
Kellan,Kellan,Kellen,Kelan,Kel
Jaycee,Jaycee,Jacey,Jaci,Jay
Jeremias,Jeremias,Jeremias,Jeremy,Jerry
Jazmine,Jasmine,Jazmine,Jazmin,Jazz
Ari,Ari,Ary,Arie,Ar
Salem,Salem,Saylem,Salm,Sal
Zyaire,Zaire,Zyaire,Zyair,Zy
Layla,Layla,Leila,Laila,Lay
King,King,Kng,Kingston,King
Samara,Samara,Samarra,Sam,Sam
Yousef,Yousef,Yوسف,Youseff,You
Melany,Melanie,Melany,Melani,Mel
Jakari,Jakari,Jacari,Jak,Jack
Tessa,Tessa,Tesa,Tessah,Tess
Van,Van,Vann,Vn,Van
Jazlyn,Jazlyn,Jaslyn,Jazlin,Jazz
Baker,Baker,Bakur,Bakr,Bak
Emerie,Emerie,Emery,Emiri,Em
Luis,Luis,Lewis,Luis,Lu
Raegan,Raegan,Regan,Raegen,Rae
Zeke,Ezekiel,Zeke,Zekiel,Zeek
Estella,Estella,Estela,Stella,Essie
Harris,Harris,Harriss,Harys,Har
Amaya,Amaya,Amaia,Amayah,Amy
Drew,Drew,Dru,Drue,Dr
Brynleigh,Brynlee,Brynleigh,Bryn,Bry
Jamari,Jamari,Jamary,Jam,Jam
Natalie,Natalie,Nathalie,Nat,Natie
Barrett,Barrett,Barret,Baret,Bar
Scarlet,Scarlet,Scarlett,Scar,Scar
Quinton,Quentin,Quinton,Kwinton,Quin
Maren,Marin,Maren,Mayren,Mar
Moshe,Moses,Moshe,Mose,Mosh
Lilianna,Liliana,Lilianna,Lilyana,Lily
Jasper,Jasper,Jesper,Jaspur,Jas
Aniya,Aniya,Aniyah,Ania,Ani
Roland,Roland,Rowland,Rolnd,Rol
Natalia,Natalia,Nathalia,Nat,Talia
Saint,Saint,Saintt,Saynt,San
Ila,Ila,Isla,Ilah,Il
Raylan,Raylan,Raylen,Rayln,Ray
Shelby,Shelby,Shelbie,Shel,Shell
Saint,Saint,Saintt,Saynt,San
Yasmin,Yasmin,Yasmine,Yasmyn,Yas
Kalel,Kalel,Caleel,Kal,Kal
Rowan,Rowan,Roan,Rowen,Ro
Stephen,Stephen,Steven,Stefen,Steve
Aurelia,Aurelia,Orelia,Aura,Aure
Sawyer,Sawyer,Soyers,Soyor,Saw
Rayne,Rayne,Rain,Raine,Ray
Atlas,Atlas,Atles,Atlys,At
Paislee,Paisley,Paislee,Paisly,Pais
Isaias,Isaias,Isiah,Isias,Isa
Jazlyn,Jazlyn,Jaslyn,Jazlin,Jazz
Quinn,Quinn,Quin,Quyn,Quin
Brittany,Brittany,Britney,Britany,Brit
Grayson,Grayson,Greyson,Graysn,Gray
Braelyn,Braelyn,Braylin,Braelyn,Bray
Anakin,Anakin,Anneckin,Anak,Ana
Juliana,Juliana,Julianna,Julie,Jules
Levi,Levi,Levy,Leavy,Lev
Marisol,Marisol,Marysol,Mari,Sol
Brian,Brian,Bryan,Bryan,Bri
Aubrey,Aubrey,Aubrie,Aubry,Aub
Alden,Alden,Aldn,Al,Ald
Lucille,Lucille,Lucil,Lucy,Lu
Bryce,Bryce,Brice,Bryce,Bry
Caroline,Caroline,Carolyn,Carol,Cali
Luka,Luka,Luca,Lucca,Luk
Demi,Demi,Demmi,Dem,Dem
Matias,Matthias,Matias,Mateas,Mat
Eloise,Eloise,Heloise,Ellie,El
Ramon,Ramon,Raymon,Ramn,Ram
Liana,Liana,Leana,Lianah,Lia
Oliver,Oliver,Olliver,Oli,Ollie
Danna,Dana,Danna,Dannah,Dan
Salvatore,Salvatore,Salvadore,Sal,Tore
Luciana,Luciana,Lusiana,Luci,Lucy
Dennis,Dennis,Denis,Densis,Den
Adalynn,Adalyn,Adalynn,Addalyn,Addie
Clark,Clark,Clarc,Clrk,Clark
Astrid,Astrid,Astride,Assy,Ast
Marco,Marco,Marko,Marco,Mar
Josephine,Josephine,Josefina,Josie,Jo
Rudy,Rudy,Rudie,Rudi,Rud
Marlowe,Marlowe,Marlow,Mar,Mar
Roy,Roy,Roi,Roye,Roy
Everly,Everly,Everlee,Ev,Ev
Castiel,Castiel,Castel,Cas,Cass
Karter,Carter,Karter,Kartr,Kart
Christopher,Christopher,Kristopher,Chris,Topher
Alexis,Alexis,Alexys,Alex,Lex
Cedric,Cedric,Cedrick,Ced,Ced
Arielle,Arielle,Ariel,Ari,Ellie
Musa,Musa,Moosa,Mousa,Mus
Ariel,Ariel,Aryel,Aryell,Ari
Luke,Luke,Luuk,Luka,Luk
Kairi,Kairi,Kairie,Kyri,Kai
Moses,Moses,Moises,Mose,Mo
Sophie,Sophia,Sophie,Sofi,Soph
Denver,Denver,Denvr,Den,Den
Hadlee,Hadley,Hadlee,Hadly,Had
Emilio,Emilio,Emillio,Emil,Mili
Aubrey,Aubrey,Aubrie,Aubry,Aub
Lennox,Lennox,Lenox,Lennx,Len
Yamileth,Yamileth,Yamillet,Yami,Yami
Ray,Ray,Rey,Rae,Ray
Kendall,Kendall,Kendal,Kendl,Ken
Jonathan,Jonathan,Johnathan,Jonathon,Jon
Rhea,Rhea,Ria,Rheah,Rhe
Dominik,Dominic,Dominik,Dom,Dom
Katalina,Catalina,Katalina,Kat,Lina
Holden,Holden,Holdn,Holdn,Hold
Sydney,Sydney,Sidney,Sydni,Syd
Benicio,Benicio,Benisyo,Beni,Ben
Emely,Emily,Emely,Emilee,Emm
Briar,Briar,Bryar,Bri,Bri
Layne,Layne,Lane,Layn,Lay
Harris,Harris,Harriss,Harys,Har
Ophelia,Ophelia,Ofelia,Phelia,Oph
Turner,Turner,Turnur,Turn,Turn
Alison,Alison,Allison,Alyson,Ali
Maximus,Maximus,Maxymus,Max,Max
Karsyn,Karsyn,Carson,Karsin,Kar
Stetson,Stetson,Stetsn,Stets,Stet
Kate,Kate,Cait,Katie,Kat
Avery,Avery,Avary,Averie,Ave
Bria,Bria,Briah,Bri,Bri
Elliott,Elliot,Elliott,Eliot,Eli
Ashley,Ashley,Ashleigh,Ash,Ash
Colten,Colton,Colten,Colt,Colt
Princess,Princess,Princes,Prins,Prin
Calum,Callum,Calum,Cal,Cal
Alana,Alana,Alanna,Alannah,Allie
Brycen,Bryson,Brycen,Bricen,Bry
Nancy,Nancy,Nancie,Nance,Nan
Kingston,Kingston,Kingstn,King,King
Phoebe,Phoebe,Febe,Phebe,Phoeb
Adrian,Adrian,Adrien,Adri,Ad
Lillian,Lillian,Lilian,Liliana,Lil
Andres,Andres,Andrez,Andre,And
Autumn,Autumn,Autum,Autym,Aut
Cain,Cain,Cane,Kayne,Cai
Khalani,Khalani,Kalani,Khlani,Kha
Marcus,Marcus,Markus,Marc,Mark
Gwen,Gwen,Gwendolyn,Gwenn,Gwen
Edward,Edward,Eduardo,Ed,Eddie
Ana,Ana,Anna,Anah,An
Boston,Boston,Bostyn,Bostn,Bos
Alina,Alina,Aleena,Alena,Ali
Stetson,Stetson,Stetsn,Stets,Stet
Raquel,Raquel,Rachelle,Rakel,Req
Creed,Creed,Cred,Creedn,Creed
Addyson,Addison,Addyson,Adison,Addie
Axl,Axel,Axl,Aksel,Ax
Rowan,Rowan,Roan,Rowen,Ro
Maddox,Maddox,Madox,Maddx,Mad
Isabelle,Isabel,Isabelle,Izabel,Izzy
Scott,Scott,Skott,Scot,Scot
Livia,Livia,Livivia,Lyvia,Liv
Wilder,Wilder,Wylder,Wildr,Wild
Collins,Collins,Collins,Colns,Col
Zev,Zev,Zevy,Zeve,Ze
Eva,Eva,Ava,Evah,Ev
Ricky,Ricky,Ricki,Rikky,Rick
Hattie,Hattie,Haty,Hat,Hat
Mohammed,Muhammad,Mohammed,Mohamed,Mo
Kora,Cora,Kora,Korah,Kor
Damari,Damari,Damary,Dam,Dam
Aubrey,Aubrey,Aubrie,Aubry,Aub
Baylor,Baylor,Bayler,Bay,Bay
Paloma,Paloma,Pelloma,Pal,Pal
Cayson,Cayson,Cason,Caysn,Kay
Isabelle,Isabel,Isabelle,Izabel,Izzy
Albert,Albert,Alberrt,Al,Bert
Margo,Margo,Margot,Margaux,Marg
Ricardo,Ricardo,Rikardo,Rick,Ricky
Amaia,Amaya,Amaia,Amayah,Amy
Kace,Kace,Kayce,Kase,Kay
Dakota,Dakota,Dacota,Koda,Kota
Cillian,Kilian,Cillian,Killian,Cil
Nyomi,Naomi,Nyomi,Neomi,Nyo
Dante,Sienna,Dante,Dantay,Dan
Sienna,Siena,Sienna,Ciena,Sien
Van,Van,Vann,Vn,Van
Sky,Sky,Skye,Skai,Sky
Rhys,Reece,Rhys,Reese,Ree
Lexi,Lexi,Lexie,Lex,Lex
Jaxen,Jaxson,Jaxen,Jaxon,Jax
Adalee,Adalee,Adali,Addie,Ada
Andres,Andres,Andrez,Andre,And
Charleigh,Charley,Charleigh,Charlie,Char
Emir,Emir,Emeer,Emyr,Em
Alivia,Alivia,Alevia,Liv,Liv
Zayne,Zane,Zayne,Zain,Zay
Alayna,Alayna,Elena,Alaynah,Al
Mack,Mack,Mac,Mak,Mac
Linda,Linda,Lynda,Lindy,Lin
Marshall,Marshall,Marshal,Marsh,Marsh
Justice,Justice,Justis,Just,Just
Colton,Colton,Colten,Colt,Colt
Kailani,Kailani,Kaylani,Kail,Kai
Rudy,Rudy,Rudie,Rudi,Rud
Gabriela,Gabriela,Gabriella,Gabi,Gabby
George,George,Jorge,Georgy,Geo
Angela,Angela,Angella,Angie,Ang
Leon,Leon,Leone,Lee,Leo
Judith,Judith,Jude,Judy,Judy
Theo,Theodore,Theo,Theodr,Theo
Shay,Shay,Shea,Shai,Sha
Nikolai,Nikolai,Nikolay,Niko,Nik
Louisa,Louise,Luisa,Louize,Lou
Vincenzo,Vincenzo,Vinsenso,Vince,Vin
Cecilia,Cecilia,Celia,Cecile,Cece
Taylor,Taylor,Tailor,Tay,Tay
Brielle,Brielle,Briyelle,Bri,Brie
Jasper,Jasper,Jesper,Jaspur,Jas
Yareli,Yareli,Yarely,Yar,Yar
Alvaro,Alvaro,Albaro,Alv,Al
Zhuri,Zhuri,Zuri,Zhoori,Zhu
Antonio,Antonio,Antono,Antony,Tony
Rosalee,Rosalie,Rosalee,Rosa,Rose
Lochlan,Lochlan,Lochlann,Loch,Loch
Karla,Carla,Karla,Karlah,Kar
Griffin,Griffin,Gryffin,Griff,Griff
Crystal,Crystal,Krystal,Crys,Crys
Deacon,Deacon,Deekan,Deac,Deac
Tatum,Tatum,Taytum,Tatem,Tat
Rio,Rio,Reo,Ryo,Ri
Saoirse,Saoirse,Seoirse,Sersh,Sao
Otis,Aliya,Otis,Otes,Ot
Jaziel,Jaziel,Jazel,Jaziell,Jazz
Haven,Haven,Hayven,Hav,Hav
Dax,Dax,Dacks,Daxs,Dax
Briar,Briar,Bryar,Bri,Bri
Allan,Alan,Allan,Allen,Al
Raelynn,Raelyn,Raelynn,Raylyn,Ray
Eli,Eli,Ely,Elijah,El
Madelynn,Madelyn,Madelynn,Madeleine,Maddie
Apollo,Apollo,Apolo,Apollon,Pollo
Jenesis,Genesis,Jenesis,Gen,Jen
Maison,Mason,Maison,Maisn,May
Addilyn,Adalyn,Addilyn,Addison,Addie
Judson,Judson,Judsn,Jud,Jud
Naya,Naya,Naia,Nayah,Na
Kamden,Camden,Kamden,Kamdn,Kam
Camilla,Camila,Camilla,Mila,Cami
Marshall,Marshall,Marshal,Marsh,Marsh
Armani,Armani,Armany,Arm,Arm
Kareem,Kareem,Karim,Karym,Kar
Isabela,Isabella,Isabela,Izabela,Bella
Rudy,Rudy,Rudie,Rudi,Rud
Adriana,Adriana,Adrianna,Adri,Ana
Kalel,Kalel,Caleel,Kal,Kal
Mya,Maya,Mya,Miah,My
Tanner,Tanner,Taner,Tannr,Tan
Audrey,Audrey,Audrie,Aud,Aud
Jalen,Jalen,Jaylen,Jaylin,Jay
Navy,Navy,Navee,Navi,Nav
Braylon,Braylon,Brailon,Bray,Bray
Finley,Finley,Finli,Finlay,Fin
Brennan,Brennan,Brennen,Bren,Bren
Aria,Aria,Arya,Ariah,Ari
Adam,Adam,Addam,Ad,Ad
Monroe,Monroe,Monro,Mon,Mon
Carter,Carter,Karter,Cartr,Cart
Emerald,Emerald,Emereld,Emmerald,Em
Augustine,Augustine,Augustin,Auggie,Gus
Lyanna,Liana,Lyanna,Lianna,Lya
Callum,Calum,Callum,Cal,Cal
Analia,Analia,Analiah,Ana,Lia
Kole,Cole,Kole,Koal,Kol
Lia,Lia,Leah,Liya,Li
Rudy,Rudy,Rudie,Rudi,Rud
Lillian,Lillian,Lilian,Lily,Lil
Dash,Dash,DASH,Dashell,Dash
Lauryn,Lauren,Lauryn,Loren,Lau
Kelvin,Kelvin,Kelven,Kelvyn,Kel
Kai,Kai,Kae,Kayi,Kai
Omari,Omari,Omary,Omar,Om
Cecelia,Cecilia,Celia,Cecile,Cece
Jerry,Jerry,Gerry,Jerri,Jer
Wrenley,Wrenley,Wrenli,Wren,Wren
Reece,Reese,Reece,Rhys,Ree
Sage,Sage,Saige,Saj,Sag
Frederick,Frederick,Frederic,Fred,Freddy
Oaklee,Oakley,Oaklee,Oakleigh,Oak
Deandre,Deandre,D'Andre,Andre,Dre
Laurel,Laurel,Lorel,Laur,Lau
Collin,Colin,Collin,Colyn,Col
Addilynn,Adalyn,Addilynn,Addison,Addie
Bruce,Bruce,Broos,Bruc,Bru
Mikayla,Michaela,Mikayla,Mckayla,Mika
Kylan,Kylen,Kylan,Kylin,Ky
Reese,Reese,Reece,Rees,Ree
Kylan,Kylen,Kylan,Kylin,Ky
Margaret,Margaret,Margaret,Maggie,Meg
Hudson,Hudson,Hudsyn,Huds,Hud
Summer,Summer,Summor,Sum,Sum
Warren,Warren,Warin,Warrn,War
Lina,Lina,Leena,Lynah,Lin
Shepard,Shepherd,Shephard,Shep,Shep
Ansley,Ainsley,Ansley,Anslie,Ans
Ellis,Ellis,Elis,Ellys,Ell
Joyce,Joyce,Joice,Joy,Joy
Griffin,Griffin,Gryffin,Griff,Griff
Wren,Wren,Renn,Wrenn,Ren
Bryson,Bryson,Bricen,Brys,Bry
Calliope,Calliope,Calipe,Calli,Cal
Riley,Riley,Rylee,Rylie,Ry
Keilani,Keilani,Kailani,Keil,Kai
Peyton,Peyton,Payton,Peiton,Pey
Emerie,Emerie,Emery,Emiri,Em
Damon,Damon,Daymon,Damyn,Dam
Victoria,Victoria,Viktoria,Vicky,Tori
Ismael,Ismael,Ismaeal,Isma,Ish
Kelsey,Kelsey,Kelsie,Kels,Kel
Jacoby,Jacoby,Jakoby,Coby,Jake
Winter,Winter,Wynter,Wint,Win
Izaiah,Isaiah,Izaiah,Isiah,Izzy
Brynleigh,Brynlee,Brynleigh,Bryn,Bry
Misael,Misael,Misahel,Mis,Misa
Margaret,Margaret,Margarett,Maggie,Meg
Reign,Reign,Rain,Rayne,Rey
Rylee,Riley,Rylee,Rylie,Ry
Jamison,Jamison,Jameson,Jamisyn,Jam
Shelby,Shelby,Shelbie,Shel,Shell
Grady,Grady,Gradey,Grad,Grad
Tiana,Tiana,Teanna,Tia,Tia
Derrick,Derrick,Derick,Derrik,Der
Adelaide,Adelaide,Adelade,Addie,Ade
Dawson,Dawson,Dawsyn,Daws,Daw
Kylie,Kylie,Kiley,Kylee,Ky
Tanner,Tanner,Taner,Tannr,Tan
Angelica,Angelica,Angelika,Angie,Angel
Marvin,Marvin,Marvyn,Marv,Mar
Laylah,Layla,Laylah,Leila,Lay
Junior,Junior,Junr,Jr,June
Ximena,Ximena,Jimena,Xim,Xim
Marcos,Marcos,Markos,Marc,Mark
Aria,Aria,Arya,Ariah,Ari
Hank,Henry,Hank,Hanke,Han
Victoria,Victoria,Viktoria,Vicky,Tori
Remington,Remington,Remingtn,Remmy,Rem
Amani,Amani,Amany,Am,Am
Enrique,Enrique,Enrik,Enriq,Rick
Ruth,Ruth,Ruthe,Ruthi,Rut
Wilson,Wilson,Wilsyn,Wils,Will
Estella,Estella,Estela,Stella,Essie
Derrick,Derrick,Derick,Derrik,Der
Haven,Haven,Hayven,Hav,Hav
Jackson,Jackson,Jaxon,Jakson,Jack
Maia,Maya,Maia,Maja,May
Jacoby,Jacoby,Jakoby,Coby,Jake
Brooklyn,Brooklyn,Brooklynn,Brooke,Brook
Harris,Harris,Harriss,Harys,Har
Frida,Frida,Frieda,Frid,Fri
Felipe,Felipe,Pelipe,Fel,Lip
Rosemary,Rosemary,Rosemarie,Rosie,Rose
Collin,Colin,Collin,Colyn,Col
Olive,Olive,Oliv,Olivia,Liv
Royce,Royce,Rois,Royse,Roy
Isabella,Isabella,Isabela,Izzy,Bella
Dario,Dario,Dareo,Dar,Dar
Rylie,Riley,Rylie,Rylee,Ry
Melvin,Melvin,Melvyn,Mel,Mel
Cassidy,Cassidy,Cassidee,Cass,Cass
Malcolm,Malcolm,Malcom,Malcolm,Mal
Sawyer,Sawyer,Soyers,Soyor,Saw
Axl,Axel,Axl,Aksel,Ax
Sienna,Siena,Sienna,Ciena,Sien
Mack,Mack,Mac,Mak,Mac
Alayna,Alayna,Elena,Alaynah,Al
Zakai,Zakai,Zakaih,Zak,Zak
Renata,Renata,Rinata,Ren,Ren
Jaden,Jaden,Jayden,Jaiden,Jay
Virginia,Virginia,Viginia,Ginny,Virg
Frederick,Frederick,Frederic,Fred,Freddy
Nathalie,Natalie,Nathalie,Nat,Nata
Bryce,Bryce,Brice,Bryce,Bry
Ryleigh,Riley,Ryleigh,Rylie,Ry
Jensen,Jensen,Jensyn,Jens,Jens
Freyja,Freya,Freyja,Frayja,Frey
Ronald,Ronald,Ronnald,Ron,Ronnie
Aniya,Aniya,Aniyah,Ania,Ani
Miles,Miles,Myles,Mils,Mile
Giavanna,Giavanna,Giavana,Gia,Gigi
Anthony,Anthony,Antony,Ant,Tony
Adelyn,Adelyn,Addelyn,Adelynn,Addie
Jay,Jay,Jae,J,Jay
Elliana,Eliana,Elliana,Eli,Ellie
Gavin,Gavin,Gavyn,Gavn,Gav
Nyomi,Naomi,Nyomi,Neomi,Nyo
Ford,Ford,Fored,Frd,Ford
Rylie,Riley,Rylie,Rylee,Ry
Felipe,Felipe,Pelipe,Fel,Lip
Malaysia,Malaysia,Malayshia,Mal,Mal
Sebastian,Sebastian,Sebastien,Seb,Bash
Elodie,Elodie,Elody,Ellie,El
Gerald,Gerald,Geralt,Jerry,Gerry
Helen,Helen,Hellen,Nell,Hel
Emerson,Emerson,Emersyn,Emmerson,Em
April,April,Apryl,Apr,Apr
Jaiden,Jayden,Jaiden,Jaden,Jay
Kadence,Cadence,Kadence,Kade,Kad
Gael,Gael,Gayl,Gaelen,Ga
Teresa,Teresa,Theresa,Tess,Teri
Cairo,Cairo,Kyro,Cair,Cai
Emerald,Emerald,Emereld,Emmerald,Em
Ishaan,Ishaan,Ishan,Ish,Ish
Clarissa,Clarissa,Claris,Clara,Claris
Christian,Christian,Cristian,Chris,Cris
Jayda,Jayda,Jaida,Jada,Jay
Walter,Walter,Wolter,Waltr,Walt
Elliana,Eliana,Elliana,Eli,Ellie
Uriah,Uriah,Uryah,Uri,Uri
Salem,Salem,Saylem,Salm,Sal
Alaric,Alaric,Allaric,Al,Ric
Dani,Dani,Danni,Dan,Dan
Ezra,Ezra,Esra,Ezr,Ez
Emery,Emery,Emeri,Em,Em
Hunter,Hunter,Hunnter,Hunt,Hunt
Esperanza,Esperanza,Espranza,Espie,Zan
Leonard,Leonard,Leonnard,Leo,Len
Leslie,Leslie,Lesley,Les,Les
Eliezer,Eliezer,Eliezer,Eli,El
Lauryn,Lauren,Lauryn,Loren,Lau
Brodie,Brody,Brodie,Brody,Bro
Iliana,Iliana,Illiana,Ili,Ana
Raul,Raul,Raoul,Raul,Ra
Hailey,Hailey,Hayley,Haly,Hail
Nehemiah,Nehemiah,Nehemaiah,Neh,Nemia
Kataleya,Kataleya,Cataleya,Kat,Leyla
Wilson,Wilson,Wilsyn,Wils,Will
Maria,Maria,Mariah,Mariya,Mari
Ryan,Ryan,Rian,Ryann,Ry
Laila,Laila,Layla,Lyla,Lai
Theo,Theodore,Theo,Theodr,Theo
Briella,Briella,Briyella,Bri,Ella
Enoch,Enoch,Eanok,En,En
Greta,Greta,Gretta,Gret,Greta
Landry,Landry,Landri,Land,Land
Genesis,Genesis,Genesis,Gen,Gen
Theodore,Theodore,Theodor,Theo,Teddy
Taylor,Taylor,Tailor,Tay,Tay
Layne,Layne,Lane,Layn,Lay
Zendaya,Zendaya,Zendia,Zen,Daya
Nasir,Nasir,Naseer,Nasyr,Nas
Danielle,Danielle,Danyelle,Dani,Dani
Alden,Alden,Aldn,Al,Ald
Melanie,Melanie,Melany,Mel,Mel
Malcolm,Malcolm,Malcom,Malcolm,Mal
Fallon,Fallon,Falon,Fallyn,Fal
Cillian,Kilian,Cillian,Killian,Cil
Kyleigh,Kiley,Kyleigh,Kylee,Ky
Rhys,Reece,Rhys,Reese,Ree
Alyssa,Alyssa,Alissa,Aleesa,Ally
Travis,Travis,Travys,Trav,Trav
Esme,Esme,Esmay,Es,Es
Casen,Kasen,Casen,Cason,Case
Renata,Renata,Rinata,Ren,Ren
Mathew,Matthew,Mathew,Matt,Matt
Emberly,Emberly,Emberleigh,Em,Ember
Cal,Cal,Kall,Cale,Cal
Ari,Ari,Ary,Arie,Ar
Kyle,Kyle,Kyl,Kile,Ky
Chana,Chana,Chaya,Hana,Chanah
Maxton,Maxton,Maxstn,Max,Max
Catalina,Catalina,Katalina,Cat,Lina
Micah,Micah,Mica,Mycah,Mi
Hailey,Hailey,Hayley,Haly,Hail
Larry,Larry,Lari,Lar,Larry
Liana,Liana,Leana,Lianah,Lia
Alvin,Alvin,Alvyn,Alvinn,Al
Willa,Willa,Willah,Will,Will
Grayson,Grayson,Greyson,Graysn,Gray
Kehlani,Kehlani,Kelani,Keh,Lani
Colton,Colton,Colten,Colt,Colt
Cali,Cali,Kali,Calie,Cal
Dash,Dash,DASH,Dashell,Dash
Adelyn,Adelyn,Addelyn,Adelynn,Addie
Ryder,Ryder,Rider,Ryder,Ryd
Denisse,Denise,Denisse,Denice,Den
Gael,Gael,Gayl,Gaelen,Ga
Greta,Greta,Gretta,Gret,Greta
Ridge,Ridge,Rijge,Ridg,Rid
