Lucy,Yoder,Portillo,pYTpSqWMvn@aTbQYD.com,23/08/1957,Unspecified,,0457216934,9842414729,6/08/1959,,,diagnosisYRvRdlJWZNXvWAhjlQddxQliUKtyMW,treatmentFynPpYkgHIOtBbmzfpGkrmzgzKXGGu,,0409335693
Ciena,,Ras,SiAPeXjOZQ@qfAVpU.com,12/10/1901,Female,2768,0448209850,7413507353,18/07/1957,,,diagnosisLpZHrdQgyRxFiwfaqApqVncTGSwkqI,treatmentfIfbHhFTYwLDRiBVldTqDAnuCsZuvB,yeNDgGBAShqcvRyAOPbCCCElptpAWnBMUlkiIuohfXKwXWlyIfSvlgAzIwSmXnvuPlUSjTGrbTzYxfHXmserbRBFrD,0409335693
Deac,Palashios,Parky,nntDaXXldE@GCLmhx.com,5/01/1915,Unspecified,2369,0445112534,4987286964,3/12/1970,,,diagnosisLztXnobeGIlMitHOxQyIRDDWbabqBG,treatmentJaTmYrRLbAuZmujaBGiRlWJYwRFLvA,orWeRMiwRAAAiZMosKTCosCUKlbInTiZPnaQfhtieCIOdcyMkEfUTWueQwswKLwnhcYYdEYDYhLRfkXmGVKOpShuzK,0409335693
Catalina,Watso,Terry,XzsCWvQvaC@OrFPHC.com,10/01/1901,Female,2802,0499388685,6177519760,9/07/1996,9/07/1996,12/01/2013,diagnosismluAoFrzrEchSMXedjkxLAKSJCTKyd,treatmentMgFGtcrIWaGqaBVLuXMEJSJfvgDTaW,CvYjMhWoKvHPypQEMbTCEVqxEWCYgUeEGnzbGpRWugYYRWRyhmmlfWLEfnhscPuPGlBzZXsFQPDiBdGNXQpxaIMCEG,0409335693
Cedric,Gutierres,Cillian,ZDuNlaZzQg@sRqZTh.com,5/08/1957,Unspecified,2996,0488407355,8269516978,2/06/1980,,,diagnosisgYlHOAUWtKewIotNkVhlFlRsgIwGfc,treatmentpAkkRmsTZOhNePolwhIQIPioRqMDhl,WUEaaWPKnVdJJtQjYWrrPrEJXNosdPRlyrobEXiNOBSwGdhERyWzvOVUIlqCbpOnHpgrqoqVDznpPrhuJWRziUcEYq,0409335693
Ree,Rosales,Parsons,XEFszWIEGR@RErHkA.com,9/03/1913,Male,2608,0424360683,7970981907,30/12/1967,30/12/1967,3/10/1977,diagnosisXGqVrGAWmerHbUToIRSwGczTCVfoZc,treatmentlvDFEJrGTjXARXTPvunabOjnxwfPyQ,CgICDpLrnFkjKEtDbVJIBNPOjMOHjlFCrInAnuIGULLnEoHOjIfoMlHblnlncbhzwXtOskVPnGOsuddzxpnRRJzwTw,
Kiera,,Camp,DucEoGwnZq@YyBnjK.com,25/02/1955,Female,2626,0408298235,7758023525,16/01/1988,,,diagnosisLNMSpeXirswtRtwkZSyigGKqwOiGzX,treatmentbkmgoXatRlWIhdivNgUVivOCzFPmdh,UFKhndOSVZsoIyOVKlgEPwwlJXrDjNctGiLDsxCBFglfIISAIpLtHcMGwZxvHictiRAWtSbHIumZDcRTHqYVwKxhZt,0409335693
Stephen,Rivas,Edyn,gimMfVtYVp@nyfHca.com,8/03/1907,Male,2245,0478758006,2808239605,15/02/1999,,,diagnosisKtzkBlzkmBIHpyRODANVoYDabqPHxe,treatmentLQcWVqIMxMUyPStoEtXaxRvKpYHMVl,cXKFqLnEUodHTSgNsQScfKNlEDaPYyNWZYTeFWmHCZuFMrgFJgOEZsUKaPWwuJuNOsTjnqKcdaEyYHguZGuERoLiUV,0409335693
Jude,Ad,Sky,vabpFelJZr@FAbrhn.com,12/01/2001,Male,2701,0415587709,9092944994,23/11/2004,,,diagnosisPCkPBPKwsUjfSJWFZwdInutqAFdUsM,treatmentsgrlpIJjKGiEcInEWKDDmyczYAMUDg,ZAwdLSBjKjsmBHDimlAYISebClrMeTvEcdJbHqpXSpupgXHLwkGmVXYlpSyDLkyebYLGkpVZHWuRLlVanzWsfLIgJu,0409335693
Lily,Randall,Sag,mcAjAFZeuy@DceeQc.com,30/05/1967,Unspecified,2022,0468869568,6226386694,10/12/1972,,,diagnosisRYKuthdAiElAUyWphKwIEwslZkxUQZ,treatmentGoTdXxJUAQRAVmiKQvbwldiFtPlFno,hMoIJCIJfOAQfcHpZpxrDlXoVZrQUbYtrPibYaHDvQQbGSugDatzlERyCjaynGfxAOcUiVQUWesErITkqTreMpEdDQ,0409335693
Eli,De leon,Lucero,MtJEgCdmto@IZsRlK.com,5/11/1913,Male,2805,0489563111,1247067375,16/02/1983,,,diagnosisOByjJRaqHhSgmxhVAuFMCHJwogItXo,treatmentOwiuGJsliEJUzrPHLdQuIdabdeSCdZ,wJIsQYvsvRAfaIhNFkdIiZArPGIPxciZGbhfnIWDzVgUHmNjExfWktHoeptPCVhRZZpfNwHfYuYapytkYCWAOHhKML,0409335693
Erik,Lucer,Finli,VVshEEvTvs@rntKNm.com,26/10/1996,Female,,0467119517,3336827469,15/01/2007,15/01/2007,28/08/2025,diagnosisfsKlrvwxIMHxcZJgWNfNvkfaMlWLRk,treatmentZqOYmbUmojIfaLiDuzOJflseiwMusV,,0409335693
Oaklee,Wri,Alverado,SOOvZPDfDa@UrtCHE.com,13/08/1985,Male,2437,0440883516,2193039930,25/09/2008,,,diagnosisSVgNdHKqnsWvytYGvPKnUnXycBzzxU,treatmentKXhZrdCEsPGplaIsRzuQwzhhMgOUhG,,
Ahmyr,Marsh,Kramer,wOcFAipcTl@IvLbcb.com,3/10/1955,Male,2654,0466020526,9276031117,2/05/1975,,,diagnosisaJfRerJDtJdSSHpOWuCgFufoRnIeXM,treatmentbTriwZwDgJchYAHXgFDSCNELSWRlDx,sGBYUKRnWbBqPSQRmnTyTCngMYWWLvsVAzBRRSNfsLKghUZioyKsmpxCxomphkpniGTEQMjUueQPFlPCZxgouhrRTj,0409335693
Kelsey,Con,Klein,IoFilmxNYm@oCuxnz.com,6/03/1904,Male,2699,0404659158,7194577105,,,,,treatmentRnvfXVAcibnbpLFHrejLetsVtsEemm,MBeEFWCOVqVULlXORwtDWnALUSgUszUUEYGqHUcInQGktGDcxxAlZoFoYlqNSkOABTbhrNuhINJmYztLnYaNRMMbtB,0409335693
Averie,Full,,zuHtRCZBen@fMeYYG.com,15/12/1927,Female,2436,0429208285,4359818138,19/07/1958,,,diagnosisffyVzZDlruJRrsIWnZhlVGLmDDjfUk,,PwNhLmJlsRjxtKKjBsQCDpnefoqQwETmeuAoZzZQelkgYSDSeemxkbgJdThgzyanGFeGDRsmCDSZWcrtPdOqkwztVU,0409335693
Hugh,Wu,Cherry,ytkzUuFNKn@PEfqbH.com,,Female,2120,0466496171,8563276100,28/01/2024,,,diagnosisfLlEauIemvSxSAbzGhgnOzIxhuoFxX,treatmentTKuNJDbCmIYCXeOSrLkieipnUJTstk,FzgtjnVOvjZvIkDcEaGfpCFjEIiAQhSexPOnxDcZHSTOmMQRTLLmRUTPxJPcligdvwtxPdkKwRAGAytYtWNAXqjSIC,0409335693
Kel,Cox,Tyson,ddxiKieHop@BmrdKV.com,27/07/1991,Male,2277,0468488746,7831730581,8/12/1994,,,diagnosiseJMznbuuykomhrTTCJFExJtqluMbOP,treatmentJIhshAxuZvTqkuuAeHYfQtfOYLPRQy,zeNVXXxNtSjdkojzMBViapKjbpUoipAPITxkkcFrstcuiiUjKxrYAVlCmPdmXByrYYzzgwjDtTIPKmzrxeSYXicySF,0409335693
Aubrey,Sanch,Fin,RtsmHCSwTk@hWcsrQ.com,3/11/1980,Male,2607,0479008809,2602595325,28/08/1984,,,diagnosisaYUQNmjmpbkVozoXfyoORCrpnAXBNq,treatmentxdscKHpOujOyqFQiwuqUexSiXzhdDB,DCmUPvJZTyDCADjlQGILMmGRAbyzZieEZCcErdFEiJwFqWkWyVjakauswViQbdutCQgtHMzamueSEaAmzvcdFEihjz,0409335693
Meg,Camp,Lari,XauGMVBuaP@ZVIrmO.com,27/11/1927,Male,2995,0470411079,4547749997,29/02/1984,,,diagnosisatXLOtLXTcqrehqYNxvgOjbjXgMvpN,treatmentcdYOCWwnywHGerTlcgZIuQvgDDkTEH,JMNtsbFzzdFoAyMqXnQZSgWdeZVgIbBdNsyJBIexVIoxsjNauDligBIQFLGJAqYeWgqwMopAOVyhEVeIoDugEIOSqn,0409335693
Tatum,Bradsho,Stein,jwiLIndYQC@CSxurn.com,17/09/1956,Unspecified,2823,0490220931,3961788762,21/07/2008,,,diagnosisluEugcnmenfmzyOAybkDJnGgStcYRZ,treatmentaAxYjIkwZIVrXxopeGCByEXegAiKHB,OEBOlReyDWQrPPmhDdTvRCCKVWRtbCdYyyIWicuuxLmgzkRJXLkHwPbcMgEMAQTYecKyicppFrbeiGJEWGnxbbOckj,0409335693
Eric,Cis,Ram,cdATiNTqKS@tKMESU.com,7/09/2009,Unspecified,2939,0487698899,3776332032,22/09/2011,,,diagnosiseiqEZyuCmBCVvuXaSDDqPTTGlwjDLp,treatmentUyNBTSHmdSqIFlOiQcsTGpcxZMjDQJ,,0409335693
,Li,Sp,ADqAsBaxxp@uOJzHt.com,2/12/2020,Unspecified,2996,0487158881,1586666819,4/10/2025,,,diagnosisIwCnNUOBpmCrCMvCFVOBbykfwGWzCN,treatmentxJkNHHFTaQIuPAoDNDxtucdsLxybYj,qVpWMmKiUEJTtfJwwQljEGyfuTNjJDWsECQEmuFniXOlrjZpfRHaohEFCgIkGPLFjIjXUfEVoaHLTpCvqhTFixtexg,0409335693
Georgy,Sch,Ana,GvGGWOSNQF@snKTCh.com,27/02/1912,Female,2763,0433236520,8081307739,13/04/1958,,,diagnosisSQMpsKIRNCHQwnBVGmIPIOcNXSKdIc,treatmentZbsSijjQHcFFGTJzGCmYmfqjVAusVr,wyLidKrDbikRFyldFixEUacGdKuUPJQrfuqFkYZKHEppAiiVDIJDwPXewCAyMIPDjZKSqXggcCsUfUdrwQxgBfEWew,0409335693
Brixten,Haley,Willi,lWaZbnCaNe@QbBkpz.com,3/12/1909,Female,,0461219733,8401233754,20/04/1925,,,diagnosisDEKzLKFVvpymEBgXMNZYjpChVjeivR,treatmentNQrIRmvMRaNLipfGbEAjPaBLwGXulJ,zLVHgMbGNoesIxXbCoXmoOnNltiFxlOGMujUgGxsSUPJQnYqqTnxHOKKaWKimFUQuaCLlgYjeLXcTrLaGZldGbNbst,0409335693
Ry,Greg,Aubry,UVRJdjBZLj@sYATSO.com,31/07/1955,Male,2438,0420672119,,15/01/1975,,,diagnosisYpEqEslMtsoYBsccSURsmpSuCiBUFI,treatmentKwVZATQItqxxvEgGjdmxIpoOfgJSrm,bZjxAvDhpGxmOMlgEgShsSRtMJzeJxhXndZblLBNpbfhUUfOerPlEQDXIDdoCjMItEDiazisOSsNwVVSfdPlqbPUKE,0409335693
Dannah,Watkins,Seoirse,pmBseWtLJe@raUXfW.com,7/04/1962,Male,2094,0497298352,5289720598,16/02/1982,,,diagnosisNFvUIwQLEUIYtdrjuijYyQjAXikHIY,treatmentMVGexnOWQZMmglljGzrJvtseAxJJks,ZjmqXFwUWLTCbHOenImqSDhwAOdymabPkZeuAPVIrwAZjXGCRLYZLjbzWJuYMhAMDBNKvWEoOESBONpAQRhTyPoLeH,
Nathalie,Dillo,,fDUEzWuAaF@uoiSQD.com,12/10/2011,Unspecified,2038,0450730118,6155710781,11/12/2022,,,diagnosisyuWciVpxiVHkKXgtaNFsSqBrdYNNea,treatmentbJQfuBQFnwPxcaLpdrTEdFIgkiTFQv,fSBKHHdSahabZZJmFwftiISeVlJeKgMxYZYmiNwtBOOJoaMUUjOsrAEFZNiESVzqHwcTdFvurehRZCDwvCOMrqcWfg,0409335693
Gia,Curtis,Deleon,RjhVocAZRu@ZPRHuV.com,30/07/1911,Female,2927,0406952275,2969068310,,,,diagnosisZtgBBLAergYOCzzriSawrCXmsJOSNG,treatmentjbRNsXYkkNBjRhGNODiXqCGmQiTbgW,cSxhliCMMLtcAJWLycWGvQaYcblkxKlpDjRRtlhKfiPyTzCdxDVrZhgyTQqWRHuYxIFpodyDPzvmLIBbUXQmTLuGLa,0409335693
Elodie,Alfaro,Horne,jSkPolhObz@jOemKk.com,16/09/2007,Unspecified,2808,0457998718,7492916982,,,,diagnosisLAcgQGHWSuXzFhKndBdWYNiztUNpSi,treatmentpbmMepQfWlNsxqCxwBfFnytfrGajVw,bMJFcZbHxRBxLeLVwzwuGDLHfNCiWlMrLHfEHzWbIfziSsqjElGCfigcJBGEQJWJMCfDmvFirPSNitSSIUUPWvTiEG,0409335693
Oaklee,Wri,Alverado,SOOvZPDfDa@UrtCHE.com,13/08/1985,,2437,0440883516,2193039930,1/04/1998,,,diagnosisHADNAzNTNRKZmhiKecVDczybzoLyRq,treatmentGSXmZdYLpPfNhsiMYfZkmGcrTtsFKN,yJrOaAgbRmNZJLZHYtUBZklqOLPnuqRkJxitqmyLYXsRUrxJKIzJdyeWXikipuWjFaHMnCeVuDYbkyYlqzAKnivTTQ,0409335693
Caliyah,Rey,Corte,VuTNhVahIc@tgyRVb.com,8/10/1902,Male,2878,0464477987,7787138225,1/01/1945,,,diagnosisxLuajsfbyjIqIAkPUBDnXhaNPEljhi,treatmentvEaERQWNleMyUiWYavREEjfDQKkAaQ,WNCkzuFLYtyydrJmgumptToLhCFyvLaGpcwwbomhKuCKNNtzGvfeiaXeBDjBCVjYdfaOsMEhmqXUBHBWwEVhcWkzWk,0409335693
Sydney,Santi,Griffin,,16/01/1959,Unspecified,2251,0490838225,7318614024,,,,diagnosisATSlkGaizLzngdskwvnBVtbMkvNoKj,treatmentKsJZEtwtgclFsCEWoDvTtTijsJyGJj,qRMwUwvekfbSaOUmFIkRbNGKgxYrPQdpyiEkpEDooCXUiBEXZpumiiZCmlhKdQJfpavYScFguTmyHlYBvxDoHAQUgB,0409335693
Natie,Frye,Lilianna,sxTIGSuwmR@TVFfdP.com,12/08/1944,Unspecified,2033,0497164910,6131621541,16/06/1945,,,diagnosisCjbTCFZqUGKZiPzYmkAQvLSjcbzgqS,treatmentFPrlVioTMsbljHkauXJURFHMQSdvXP,upkFSbcxuCRORFMVJhNKOGruayYaRWmvRFhejRDWKStLleFSZsWZwvIdQGGTFqjYsJtkYqCVXejxEkqwRpAdCgquVI,0409335693
Averie,Fuller,Charley,zuHtRCZBen@fMeYYG.com,15/12/1927,Female,2436,0429208285,4359818138,27/01/1974,,,diagnosistDFBcyWKHayNaZIWMRkJLtxwzAWYfw,treatmentsjYEKtBiPmCHSQPeDzWbldZqQyYMEZ,koZWLfJfBOLoVLMvdrxDloFRDuVfsQUsyVklPPgQDSSjUnqQOYNhIYmDpBqEsBAHkTrVhYRQYobRvRSAEJHpuJrzbY,0409335693
Angella,Bry,Conrad,uVwGzlwBVI@otDXBE.com,,Male,2994,0451318592,9175152107,14/03/2008,14/03/2008,9/04/2016,diagnosiscHqlwmoalvpvzEOaxWwPltwXIQCGbl,treatmentMtcKdGeWlegsnAEaNogIoRVzBFkLiD,ZXdRoUWkuOtTsCgMiIahkDcNgyeutMFgApDLrULEeNHVkOWwYaQPWRfGbVCQFnVQbjiVgsIIqFlcmvmhayzXhUyOKE,0409335693
Ricki,Rose,,mSruscWKaf@htUhlq.com,20/05/2017,Male,2189,0450392049,1902664218,29/10/2024,,,diagnosismXRTyzjjSyNJTnCxwOiQAQQMVVCVBY,treatmentXBlSoqtmFIiQQNZIiTewJsdBlIJhrA,,0409335693
Eric,Cisner,Ram,cdATiNTqKS@tKMESU.com,7/09/2009,Unspecified,,0487698899,3776332032,10/01/2016,,,diagnosisXZSbZOmcIpQpdgUagUhcilhIBVmMoA,treatmentWmLhEJEgIuAYIDgkTzyYUzxASBRfPY,bTFmGobxHOwgwRanbhSJDHAjtGaONTMppYyslUTFYuEiTVZnFYLhsMFojxHkudKQjccTUhZFBqVIOQUtJvbqtpqODc,0409335693
Lucy,Yodr,Portilyo,pYTpSqWMvn@aTbQYD.com,23/08/1957,Unspecified,,0457216934,9842414729,10/01/1974,,,diagnosisrMxgMntwMtNfyUqIXMHleMDwCMYdHd,treatmentaIQNQxcTHNlCxwHtBsYQsayulyiSHU,aECZuDETgiHsOotSUdxXicihWVhSDqDFsfcgGNmpCJjxwgeOrRFOMCfAJPmqCypEzkIQVQdRzarQQTAGmYkBkSrNRK,0409335693
Paislee,Coch,Scarlett,HAcIUiHzrK@YbUtRj.com,15/05/1964,Female,2772,0445799917,4003214226,20/10/1996,,,diagnosispkVPgFKMhQWBDlyInoYzWYqIBtvoWs,treatmenthgDgDGNQlRcXvOnuIaLZIrNKZdEGso,vpJwhPZFjhqifGKkGOySvFLRORebaMlqFeonHOeuZyqDqovCFlOfLENWfsLxuZYSZrXjmZYyJuxYPTzzieYHRujtWd,0409335693
Adelina,Wilk,Deandre,,,Female,,0497031015,2784812513,1/11/2002,,,diagnosislOwjQQcSrhGazzoDVPDxpdTzszaVJP,treatmentdeqvqJAouUeOjTCmeNwNwupaINOVpp,,0409335693
Oaklee,Right,Alv,SOOvZPDfDa@UrtCHE.com,13/08/1985,Male,2437,0440883516,2193039930,4/09/2015,,,diagnosisxRULbCHrRagXmJMtMMHJhZRkVlUMqY,treatmentFbceMEhXPaQOqICVkyGucUppmoTEDP,,0409335693
Cedrick,Gutierrez,Kilian,ZDuNlaZzQg@sRqZTh.com,5/08/1957,Unspecified,2996,0488407355,8269516978,18/09/1982,,,diagnosisfSkwXaygtmLfbVQqSDGsjSqHbBHHcf,treatmentvXVAXIswfplZxHLUtCvSgMcgyilIzU,KNOtEDQKkzlrkOTYcQewfjFFlvwwJVFPZwVWIbdJSxrExnJIzPXEgqJWmcrpltLXAgoGvIWmPnmYgPOSrhGIUEEdTT,0409335693
Emerald,Trav,Yodr,PtMzrxgsva@inSEoZ.com,27/02/1916,,2392,0436087819,7289398265,9/07/1989,,,diagnosisiQSpiXyIVIarcMqyzBdWXhcWtOmnMs,,lgEkJhuNwXUzCCLZPnQAPVYBhmlsFGrKLXBhsouYxAwqITPsWlcMcIHnUsEeDkQvlSjemSVstiyjpnyElNWhWDOGxG,0409335693
Cedrick,Gut,,ZDuNlaZzQg@sRqZTh.com,5/08/1957,Unspecified,,0488407355,8269516978,10/04/1967,,,diagnosisDtsSYRvIJSumRcsTZlbwpRzcZtDWvY,treatmentwJcGGbkfLRMqvyXOYIdFZaXJDJSgjf,OKhkUwNriCnGhcxKZDTpKjmiKCfDjbPBFEGRBAAityUAejPruTLaaRklJEbFkpRzdbTCwaHCTgohpugqJuGzBHyObQ,0409335693
Dana,Watkins,Sao,pmBseWtLJe@raUXfW.com,7/04/1962,Male,2094,0497298352,5289720598,28/08/1986,,,diagnosisivyABmmmYZEvCIncswtOazZHrqKuSv,treatmentOVIdkreCLMqJWnYgVjCRcBdDiknvXv,vFPjkDAITlSXEOWmAejXydycUcDggtifreiiTXZLNRiZfyBsvqssrbigiGsmGmFbrYNENeDPsyXsHPGvdkDbluSSzp,0409335693
Kelsie,Contr,Klein,,6/03/1904,Male,2699,0404659158,7194577105,14/12/2016,,,diagnosisDeQmYqeYXhUakMdQeroHNWCkxCNItC,treatmenteHgZUhXDLvJmkxQQwpbePDTSpIQtin,gIRsAIQfNYoGWkQAevFCIjTDnXpGtsaqFxuOkwQsGgcJSttDjexpLYvEJYGBuglaiXpTIcKAjYmWNtPplYXLODCZnk,0409335693
Cedric,Gut,Cillian,,5/08/1957,,2996,0488407355,8269516978,,,,diagnosisNaveQTEaZOVmAaxZwLYbgyzGHCbxkZ,,MiOnZZHIbuBHisMBcTJbdHDaCwFhjaLEQechRWnDDjUrrZzAnCLPtfiJqWPTbipxaRLCkoijDqdSAlZLTqDRWrYrif,0409335693
Ved,McCarthy,Sanch,gkNtzFnHIV@ASYNvo.com,27/01/1938,Female,2676,0469450338,9605532306,17/05/1949,,,diagnosisaUgCkSVONluselMeoCjJqtCuVvdBxp,treatmentsWbgfqImEShFTXinWWSWLdGprRrMMc,RWQfEfccZFzUSMcsXtlqWbGgDILWbjsOOikQkIlvTCurHgXxouuYfQHYEJuypzzYfVOqThVJLTFuGYUFFMGMMztLpb,0409335693
King,Giles,Kline,PQmQmDsiOV@qTsIZO.com,6/12/1963,Unspecified,2277,0476265731,8107579621,23/11/1975,,,diagnosisxrFgOwfyqVFWfZZNBvqGkMOcwiIcxw,treatmentjRcZQVtOtmenEDhAwrlfsziQtfMUwU,ZuogkqCYGqwZzKgHymIVptnCORKJdYVHIDBgceMvPdfjhxjZliLsNbcYhPQmShHcZtplyecelGaUHOOfaanfnitfrh,0409335693
Calum,Mose,Remington,MTaKpzJbtC@TAqFEp.com,10/09/1943,,2404,0450916900,9544890143,7/09/1980,7/09/1980,21/09/2005,diagnosisBewgKTHhkJGDMoednpxzoXmbfiIPhK,treatmentxGFvrPYEaaegKKTfRfQgprBVMEuWcX,lCOARlpOSLHOzBZGuJohYotiGxwDNuMFtjHIBqMNNogbkvxneWuAxonwysZsSbHWYNNSVcnujUrnqpTAUxAryAWscu,
Vivian,Kerrh,Brewer,bHJNNMHptW@YQSWvm.com,26/06/2020,Unspecified,2067,0417228837,2463639495,16/11/2025,,,,treatmentymXEvBzkuQARNWPbosKrjMedSmHPHb,oqNGjJyFfObBoeyAufUwuszIyLIAOPSDiTwMdKuNKoIcjkroTPCmMMrLmRKyJIhNDrXWYbdvWjEbTkmYrScHQHwWrM,0409335693
Adelyn,Cal,Jameson,KVXvgCHmfL@cAOQkC.com,4/10/1998,Female,2587,,1358546079,11/01/1999,,,diagnosiscCahLGazYhLqzYdsReGUgTSZguwyGF,treatmentwZQIbsovqimEgihlSYNZrPtLXlvymV,VhhEgvGyIaOzDRGDycNJViwppayszezDxwLNrLhnrTeCLxrUzYufKbRncNKwvqAlFEXbHAIllgjDbeXaqcwSUzJAEA,0409335693
,Wintrs,Stephenson,qXAtppgCLi@HhiQns.com,13/02/1960,Female,2419,0461249178,6859916934,20/02/2023,,,diagnosispNFTTerSvliOTCxRmTGZwIUXwnFpVP,treatmentLEfXfiQIBLjXxvXfCHNCspyMynNrVB,CpfcuSyQgYrutzdxZOIRWNPSNyYVoSficbeJfTPnaGQApVMxjMGkZuxZJdgVYbjGjDiiSJhWmpJFixIAlCyfCfnXbC,0409335693
Nathalie,Frye,Lilianna,sxTIGSuwmR@TVFfdP.com,12/08/1944,Unspecified,2033,0497164910,6131621541,19/07/1976,,,diagnosisIoVBbraxJFlaYkJzHtvXNiBWRyKgCH,treatmentbnsHevsyTnQHyzVWFEQWUZpGuZezQb,pIZLHmsXDJrvcHDlEuaTmACRAHgCtXgwfxwatoqhrQKZBUZPRxOhmOMfrkgWJoGcvVovBboWdMkHcyaWaYxYyNLhrc,0409335693
,Adkins,,vabpFelJZr@FAbrhn.com,12/01/2001,Male,2701,0415587709,9092944994,10/12/2007,,,diagnosisoYESNcxWVhaixKhSuOWPRpptdmZado,treatmentsGnkCbkFAwPCmLflgvGCDMnmtGTPji,hskVULTfWkYVtjHnEWlwOwuDXBdMdZioChDrNnJhVrldnhiaBxXcCrkTSrzvkAclsKnYsfcTJoUzJLSHYCMcpCxaPD,0409335693
Katelyn,Brook,Apollo,ZyRvMZpiGB@sauwvS.com,1/05/2007,Unspecified,2902,0499128502,3194557406,11/11/2017,,,diagnosispOsSJGSXoBdSNNgaQApCXTeBNCDxij,,,0409335693
Lyla,Li,Jerycho,PbZviCKKGB@jUmEYA.com,13/08/1992,Male,2036,0459354346,8791633799,14/01/1995,,,diagnosisRAdGWsTQIRlpvqAVlSDrhnAzZUEoSP,treatmentYHWvFGhARDKiyvwZoYAcsfscDHNNPI,aQCxHofYEDmlxyrcwYfqTuMYcWOfjRGBkdwKWPxZHbRPLeOxoDpnzBoBIqMGdabgxPTfUhHrlKuwcXfiYnvQDQDAsx,0409335693
Jorge,Schafer,Lia,GvGGWOSNQF@snKTCh.com,27/02/1912,Female,2763,0433236520,8081307739,15/10/2023,,,diagnosisVoSIyKsJtXgJaWMXMQHZUDxWWooNwn,,PVUdCuvQaEFCJodkVumlbqkixpSwwFCFfEtyYRcAqPqOMCkZKgCWjyNsAqCGpgYQWTTqqoeAccvupcowqAzfmdAPnS,0409335693
Er,Cisner,Ram,cdATiNTqKS@tKMESU.com,,Unspecified,2939,0487698899,3776332032,12/09/2018,,,diagnosisHKOnTzTOsZsKjzbrqJtkYKyzuVHQOA,treatmentEklkTckpjoGShXImBeFXKlhMLfgdbB,eGxEHfDnBqCcYykDtPtBWQEjBApaoBgwmkphDHUxyHvAVsOJuEBlCXBeXbDOFHBsWONBNehJrJBoUOWIZXIQmaNGLw,0409335693
Julie,Knap,Hoover,ZhzKbHedBy@zrBiKu.com,17/08/1925,Female,2096,0453285268,6120750797,13/07/1926,,,diagnosisXsqeitTwoOZsmgdUoOZSZjjGyOAGdu,treatmentRfJbXGsugCGdNQTsTjdNcgGikgNCuu,IwEYIZhLgVGYtOLAjnmLyUihEoyhZpQeDIhGTVoPoMzrxbMcHhpgvJYzNXJDxXKmFQMogROxHJxwLVoUJgYzhupmhi,0409335693
Lilli,Rand,Saj,mcAjAFZeuy@DceeQc.com,30/05/1967,Unspecified,2022,0468869568,6226386694,20/12/2007,,,diagnosisCZSvQXXVhtbFfmtLaVpLFgjOzgxSUH,treatmentMydFMXLCRtlzQzrTaJZKGKWoOvCpZB,NhdtSLecFItnNBLEitRChQggZcMhCeqQLwEzczqGnxrHqADrWxnsMhKEYzgQLCFAipAIRvwrNoUWoAJdSQAzrzihxB,0409335693
Theo,Thompsn,Gardner,nRuuFmaBAH@wJMmzy.com,21/05/2002,Male,2063,0492838861,1537425047,21/03/2005,,,diagnosisgFcUKSaEFcCikMHHthmwxSTcpkiJDg,treatmentEvsTNgUStUnRCqVhJJygmukVgHUAak,epEISCURxOEBEuAiCTqINqMXQvUTAzMRmkbjwoNYLJFEjnbzpnJLsnLllZPnNJkYNqzPVWwnCjDjHVjekZXsVlJasD,0409335693
Katalina,,Terry,XzsCWvQvaC@OrFPHC.com,10/01/1901,Female,2802,0499388685,6177519760,29/05/1953,,,diagnosisBTRlHeiKvfraGdqLDnPUhujthByHMu,treatmentMPoxrJOtEbPmIoQLaacwdhBfILUWHf,fhBWazWLUrhabzEFzUUOrHsAayRUTOBQCZqpsYYiVFRFukOrLGwSyqCoBkxmZxwpWodloVZxrvBajadIMEfoGqeHhs,0409335693
Jaziel,,Barahas,dqFxnOOUTy@sjkksQ.com,18/06/1957,Female,2400,0442047845,2711781397,14/08/1979,,,diagnosisFGXHXFRXlSVgghyusReLaLPnjWPybh,treatmentvLpWIdZpTNMqWiIYUjhQQsQHXIRDNt,UqRscTBnBerlHLFCmyTtKUmEvIcbnRsvTAyRGLJPeGFteprKaTbaDCdCJmMHcCALFXLbuuIPcPJXwEkwagIEzfbUfb,0409335693
Ang,Briyant,Conra,uVwGzlwBVI@otDXBE.com,,Male,,0451318592,9175152107,,,,diagnosisCQQetHBKpruKDRTYdNptlmUlMtxzke,treatmentVNBakcZIlRNLXpkbXDrzKfcvLktCyg,kdeERcLRfXjoKkDJJUniqtgNMjjoBIKtxKWSZLGJTQqbFuhCrOaREvHOaXffjvZnJnjRGQAiyrHcdItppldGgzooRE,0409335693
Brixton,Barrett,Quintero,qybctDhdqM@DZFUDz.com,11/06/1961,Male,2588,0492798692,1077085662,18/12/1964,,,diagnosisjpLaRuruguxLncDkyCmRDYVTQTghbA,treatmentRQNBGFlRTfswgefxROAAUfIjPnFFwK,pVXZDsnPOsKaWsyuYWMJweDWwgIkYdDdFnbrOrdEPoDqTdCVTsDkIKixkQJHREmKOhELToaCEsRLXadjfjpSqVcWvy,0409335693
Rikky,Rose,Clarissa,mSruscWKaf@htUhlq.com,20/05/2017,Male,2189,0450392049,1902664218,7/02/2023,,,diagnosisKgbWNywnjNejdgofSZjLAtoyKFyyCf,treatmentJxjlEHZrqRviSPxUmbuWLigxERLOpx,PjkNWNAOdPUnbpNGDddQIwZHysvdHrOKoLhAwGNRIkiefnQlxvwoUytOBDgVSmktZfRjjdRcvUGXAXWhhGKyDRcttt,0409335693
Aubry,Sanch,Fin,RtsmHCSwTk@hWcsrQ.com,3/11/1980,Male,2607,0479008809,2602595325,28/01/1990,,,diagnosisdKcKfoKbSyYNKbBzYzytTTTuQCozZl,treatmentcWvKChBBhsVZDwYxCwXePalWrCQARW,MMhBcdCAskPhTyPaMtLevvcFkKGubdgLvXwxuEDwipnXgvoTrYMcyvKSyTSPrIqsFnRyupmFFTnhOmMBPztgbWartH,0409335693
Giavanna,Curt,Del,RjhVocAZRu@ZPRHuV.com,30/07/1911,Female,2927,0406952275,2969068310,26/01/1920,,,diagnosisJFFFnsDYWLzvUYCkZmTujCMHhCTPlo,treatmenteCYKmOkYahGjPfTHoFyBEFNrqghYZZ,IAlIjFUvzNUvVGoOlcZbjumVmyrHlKECwqWyinuvyJsJzpUiOnfUbrCkekQxyEAelCMuPCicdIUnwVHlrycWjPYKMv,0409335693
Paislee,Cochran,Scar,HAcIUiHzrK@YbUtRj.com,15/05/1964,Female,2772,0445799917,4003214226,25/04/1985,25/04/1985,21/12/2013,diagnosisBViZxqdplUafPMAXxSYLOnANQSWeBM,treatmentdHSHzccSJVJMOZNiUWMTwczYgZZhZu,bmxsZQUOrgAslOiBxnaNMQoZFVelsTtzxhquVQYLvnXqsbiDgWCCwVpPNcucdawRSKjRTMWFsSriizyVRbrrrVNvzy,0409335693
Lui,,Dakota,qRnpzXpGcw@WlsIDD.com,20/02/2018,Unspecified,2879,0443345649,2406460918,28/06/2020,,,diagnosisfBznmLeBrSCuSHsaTngYArEtDoRNjW,treatmentqaJJoVXeDojXFbjllDSoJzBZexmZbL,VibtopYhNwsNRBTwvTHizNcHgsWuZZEPuylumHFGvVjDpDJAPsjgiEzFxlWqCOQgoTImVaqHRjysljvSRUdcGgzgpw,0409335693
Liric,Prin,Alina,FExgxhOYna@wIbvoI.com,8/06/1997,,2585,0474004542,7519179189,29/04/2015,,,diagnosisUZLhXHuppiNtTZEAjuFxxzpzgetetl,,qWsPqzSkrtizvqNqhxKdWhwnJWlPjLmMHgVUHhObhNWmxPKtghYJnKIBzZxDdhSEewDBLSrCFlJamtcaGgZIxBpyiS,0409335693
Luciana,Yoder,Portillo,pYTpSqWMvn@aTbQYD.com,23/08/1957,Unspecified,2646,0457216934,9842414729,12/12/1972,,,diagnosisYtGsUARDwnYbvctbBJclsepmmKfrZB,treatmentFdCmNpjoBMslbUqGFltJPeuwlZPjjD,BbtwZriPEkrezbeGZKXmNJWipKpclmyDCYUDRvScoEfDuMXvzyULIblczoFfLaBlzAvjlXjibSPgYmlXjFnCxAWkwE,0409335693
Paislee,Cochran,Scarlett,HAcIUiHzrK@YbUtRj.com,15/05/1964,Female,2772,0445799917,4003214226,22/12/1967,22/12/1967,17/10/1981,diagnosismkNppKWkjAeBpxSVILCIxApgXjndJH,treatmentJVwywLLfxGwprEYTFwoxNiFAVbZLzu,ApQfQpTLYFBoEqqtZrarAWqmqYgczmRehGEgJHhLkVfgWdfBaefpQeRYiysgLhAUuGRSvVhsyUnuPZWVQoMSVbQjEj,0409335693
Luisa,Clark,Dakota,,20/02/2018,Unspecified,2879,0443345649,2406460918,12/11/2020,,,diagnosisIDPyZANImEsOFurzhWdEBABFlSLUwA,treatmentRVBmytpVEzcnUnVRBulRaeBfsJVsYz,ChGwEwTmhwRcRhjBHJPUuuDCJtLrhKLSFvJHLafuZFkdkzffkqYIApzOJhxVtXEoggCSTyDBjsXRsiMZIBzfwpXQAm,0409335693
Stevan,,,gimMfVtYVp@nyfHca.com,8/03/1907,Male,2245,0478758006,2808239605,28/10/1998,,,diagnosisTxwewvclXMXGqlXhVXyHaSvRAyxyOT,treatmentTecAfaQAkoSIxaosWvaYAQCvPLPTfN,SnAXTxXFkvXNfQzjspvBVqoXBcCltkaQwpqsNDWaDDTrROrmfanBHXangqYrrAkXMeQjMvgAUVgbfLyREWxzWDKgJn,0409335693
Kaliyah,Reynolds,Cortez,VuTNhVahIc@tgyRVb.com,8/10/1902,Male,2878,0464477987,7787138225,,,,diagnosisKQidhgwUeTydATwVShKNSorBMjkGVo,treatmentvvZHRWRvgVrhgOMQosZIGuJekunjUd,,0409335693
Jorge,Schaefer,Analia,GvGGWOSNQF@snKTCh.com,27/02/1912,Female,2763,0433236520,,15/05/1977,,,diagnosisGAGdrCnGEYmNZeuAQMgrfuTiggirIZ,treatmentSSuMaWHIfNpCFmlHzIkJzNRjfODUwk,,0409335693
Emerald,Trav,Yoder,,27/02/1916,Male,2392,0436087819,7289398265,26/01/2007,,,diagnosisgBMPIjcRqTumdapncDPfjGqchuFxpe,treatmentEMMvLjYhyCvqXXDwVikiOdwvmvwWSD,tzkhYLWTLdEgDUJhYOJzsczTwjXatXgtLhMMMLcfoPUxqhRucjwwGAakQZDznkjsZyBFKcXRxXPQFtPgBVjUEVnLNh,0409335693
Pais,Cochr,Scar,HAcIUiHzrK@YbUtRj.com,15/05/1964,Female,2772,0445799917,,25/03/2023,,,diagnosisFBjrqIoWesiecLhbJyuemyAZBlNdpW,,WnFYciRUTiqzauraYtKSaIzfePmMqmRQHKwqhQFzQhGesWfHdfdDVRSFfOmzdcQzAmrKAmfkdLLNTkzGDTSJIhfeiA,0409335693
Bay,Swans,Will,rFOtDlenUD@WxoORa.com,15/12/1972,,2389,0419774080,4558406063,10/02/2024,,,diagnosisbXzwqsHBrwbBonQifTPaMnfRDwzzbh,treatmentqUoULNdOBWZTqKiAvmHwPPIHnzfVfn,hQKopBswVEWsXmjEyHQdYEoSPXuBrCbvnfimougPuoMGvzufSFwBrXMoukHLGeAzifOanxFOHkcOxPvSGXMKlNKWeE,0409335693
Ens,Reeve,Hana,AZZgnZrjVG@qCwxCi.com,25/12/1941,Unspecified,2060,0459607117,3810756324,21/10/1970,,,diagnosisJAmRxCJUQuzayyZEwfsFpRDMnzqJGz,treatmentkNunESeBspxDbUQOawjGkMjkMnNLaC,gRFmbtDqzOBVvYIeznjgHHsvWeplYVuniUxVvLDIGsFMZrENmExEHIVdaTHNMbutKiOFujrkitjkxpwmutGOKSZqyG,0409335693
Jacey,Mac,Rogers,mZtRqgkFKf@sTkJEa.com,5/02/1923,Unspecified,,0490465163,9381674929,1/01/1959,,,,treatmentnMpdagvUVQpgKYtUogBEgCjnHLPNmk,VNGUseyvCXkSBzGxdwDSruiyzaFsOybkehmQBsghAFmWRigVVMbimYlXPJFdUTzeHSfcAYslBWHwOSAelSwyIgjPaJ,0409335693
Emerald,Trav,Yoder,,27/02/1916,Male,2392,0436087819,7289398265,8/03/1974,,,diagnosishbGgUsguAqVqkvrlOOrbQHKKyMDsBa,treatmentZmxEwlsPsHLNhsUoTryqvvTlmRvKpX,vozPAXTezjxorewDuJrVaKJEqWFfvKTewZlJLWmdjlTAgeTJVhsFDReaBBFssyplzqmGvmCwwTmwcXNlAzYOvouoBt,0409335693
Eithan,Burt,Conor,loKvgkDFXB@FhvoKn.com,,Unspecified,2450,,4618018907,30/04/2001,,,,treatmentvSrffxzSZcEreQsGnmBplqGWwzRjth,sGyVHiZzxJwJXUGdkqIVJOSoBwwpqPyJFLtLOjSPYxDPDaqSSGxBxAWlsUXMnPyvMgHHgNKlHlLlLeDFrHysXrKtUS,0409335693
Kelsey,Contreras,Klein,IoFilmxNYm@oCuxnz.com,6/03/1904,Male,2699,0404659158,7194577105,5/09/1961,,,diagnosisycwrrjNxtAwRuPhTBZsqGaNZaEZCdU,treatmentvLbgDKzUPXHTHBNoAsZApCLFFZzcTT,XwTdVJHOVQWYRnTgBwteAIkSACHUAfweWIttivYDEKopdDoOjzpbhUvkyqbwMGJecnegMJCzUMbdiyMJGiAXmHfXIW,0409335693
Damyn,Head,Stuart,RhcorExPIg@kMgXQl.com,21/07/1910,Female,2899,0497505936,1628348694,5/12/1912,,,diagnosisyeUCoTGlAMijirnQwTSLfqdgNMBcvW,treatmentUhuACKagzLNzEbsledhsAAyGHEMKlF,PBkKcpzamlkFddReFeeBnqUVrGFvazdObALVQkLvnFqtiQSnJqYjecZnlSzNDQPrGrQNURmwOscFqctvKafgTCtqIH,0409335693
Steven,Riv,Eydan,gimMfVtYVp@nyfHca.com,8/03/1907,Male,2245,0478758006,2808239605,12/10/1938,,,diagnosisGjQyqAqgLDwiRIJunTXdXHztvAXfAn,,AwPALPfAkovvlkpSIBfCXNoIhqJZNbrEkZUouaHIVhLCcfybKQNUvMceiiKDwglrJqgRLfMBPydXxsRHBUGvyhtPTI,0409335693
Bayli,Swanson,Will,rFOtDlenUD@WxoORa.com,15/12/1972,Male,2389,0419774080,4558406063,19/03/1997,,,diagnosisGhGgMYITJqqDaGQvekNtEUWjfjoUJy,treatmentkOMOxdQSnZqbciZcTqYVSimZqVghGl,oumtksAublLcyTIqvQOgrRXmxIGVnnIBnTJmyEHyfwMfPEqWnmYcrANqxwXKasrLpEUNXmhThiVpdhhnJusDAAJoiO,0409335693
Deac,Pal,Parker,,5/01/1915,Unspecified,2369,0445112534,4987286964,2/05/2023,,,diagnosisXGHYcAsUsrnvgBaVVooFKzqjQxmjij,treatmentVjpvQQAnCtsUcRCDdlzuGEJZjZLlfa,LZvzqDJNjZSZnlyvtnpIealmnHseQlNXLeEDpAnEQZYNlPFRwoGgfZZZGaoPAAAeWMcsFbUnJqLsADPXKVyasqHtWv,0409335693
Steven,Riv,Eydan,gimMfVtYVp@nyfHca.com,8/03/1907,Male,2245,0478758006,2808239605,8/02/2015,,,,treatmentzeFXvGZUbjiGBPtzsnVqIklFfHFZEM,ddYYCezYiqVlguGABXoNNeBhCZltdgIGzSbaEkFdKrxHkzYmyGatfIibBpIAmTnNSgcTOflZmQgsAfCDsvCFUDQVDw,0409335693
Katelyn,Morris,Proc,uTTFSAqshk@OZUHiK.com,16/06/1973,Female,2339,0468111718,1412441355,26/02/2022,26/02/2022,18/07/2022,diagnosisyDSDbqpmHKbOvURSpeLYUOKvOZgPwi,treatmentSTczHjggFBvOTTEFUupItFGHMZSyLq,rJBHqHSHjEzbvEkkEwJeVRcuJePyDCbPRxZaoVRSEMGXldNhZqTtQAAkjrNZsTBULEhMYduvLIOjpnXkcNizUEejnX,0409335693
Kaitlyn,Brooks,Apollon,ZyRvMZpiGB@sauwvS.com,1/05/2007,,2902,0499128502,3194557406,20/11/2025,,,,treatmentKDidYVOdunANGgmiCzmnYRRPvZXOTY,tLRtjetcbJiQPbybATdEUgyXoYsLgGSiRcGqLUWOZxuBwnlpEdNxxZpqRSdrBVwwcyZzabPrUHFXGPHHbHoHmjADwP,
,Wu,Cher,ytkzUuFNKn@PEfqbH.com,29/04/1911,Female,2120,0466496171,8563276100,9/08/1989,,,diagnosiseBNJyFEpmPuIZftScgbHpADfAeuwoW,treatmentaezRDGBQupCgPNRfHhLAFKYAGnltln,bkDddoiKZBTWkJacvZVgKGTAzrlgeDruRdgBMwOtejsVYSbtHBXrZzdvmaKLNGQYsmAdbVZXzvHkCSsDijIHpgfcDx,0409335693
Judy,Adkins,Skai,vabpFelJZr@FAbrhn.com,12/01/2001,Male,2701,0415587709,,9/07/2018,,,diagnosisRefLTUeHDDUuzLXJPKvcnpWzpPeNWs,treatmentkkjcLdapvBhyfKrxDFKtdoatxGJULl,FxxBOpdKtIjQIFSkZwbAuxYCGicaEsWtGtyeeZNjwbPRtzCjPlLneVCAbYItNsMfDGTSpPsVKGozUpZSNXTqBkuMuQ,
Emory,Choi,Cru,MonqpSdnMn@tgJeRA.com,10/03/2019,Male,2916,0453041270,2915912387,14/03/2021,,,diagnosisQnNYcVOjGZESItVCzTLWJIyhAnXiBb,treatmentHNuKgHtZGWFqTvGpLUpuaVXAqXNNGJ,VtUCJuUvcLvOchQbKOFbbgSOXJERFFIlfwIZmnRDoCWbOKDOcUpRBhGTxCKUneqdlyrkQHMXAjyrnEbgvvPuhWzVpm,0409335693
Luke,Spense,Glove,KEbHgyZkKo@MZtbyk.com,,Female,2797,0423374162,1971975204,3/11/1943,,,diagnosisiQrBdWZQBqcWVfsQkQASoQnRQNFIKy,treatmentuCiTBwyTFfRhYnjptSUUljHePkYlUi,XQuaCFTDXpvvYZLCxEfNflXpdEiZtSLPBuvaolgWeivBbrqePPbiOkVtBeFxnoIffmjzYdCHNXGBqPreyvyqUJHMIU,0409335693
Michaela,Day,Lews,FnBhhLsNmL@Lpfuzf.com,28/01/1934,Male,2640,0498290804,4127800684,2/06/1985,,,diagnosisOsdcuGEOzKpmRgiDefxOEtVNswqNCa,treatmentBPVRZaTGmJxOhPvupflHmCmGlHSevf,uUEZOgkAXIrlbVGmoIaHJpiszjUavShqODBYlPrxYxFAxDDRjFpoKXUnyhCrwWiEZYQIYCNMivyWMZiueGSQhLbbrm,0409335693
Giavanna,Curtis,Del,RjhVocAZRu@ZPRHuV.com,30/07/1911,Female,2927,0406952275,2969068310,6/01/1983,,,diagnosiszHYuzfnrXcfEoyeBckDUzGUPPRSnhM,treatmentnIngCnqaYXxWnFDDDeKviPBkNGzyVb,hDqjZspniNFBvVjvqPeVPWqyyPAoQnLoBecECDzJJZALrdnSVtXrfzPJLKnRNhvYWgxTlpwTJcxIcGtJzyUZpnOqNL,0409335693
