Andrews,Andrus,Andrews,Andres,Andy
Stout,Stowt,Stout,Staut,Stouty
Reyna,Reyna,Rayna,Reina,Rey
Spears,Spears,Speers,Spear,Sp
Boyer,Boyer,Boyar,Boyr,Boy
Benitez,Benitez,Benites,Betinez,Beni
Hahn,Hahn,Hann,Haan,Hah
Underwood,Underwood,Underwud,Underw,Wood
Powers,Powers,Powrs,Poers,Pow
Richardson,Richardson,Richardsn,Rich,Rich
Gonzalez,Gonzalez,Gonzales,Gonsalez,Gon
Marsh,Marsh,Marsch,Marrsh,Mar
Giles,Giles,Gyles,Guiles,Gil
Phan,Phan,Phahn,Pahn,Ph
Chung,Chung,Choong,Chng,Chu
Moore,Moore,Moor,Morr,Mor
Humphrey,Humphrey,Humfry,Humphri,Hump
Hicks,Hicks,Hiks,Hick,Hick
Tran,Tran,Trann,Trahn,Tr
Pham,Pham,Pahm,Pha,Ph
Phelps,Phelps,Phels,Phelp,Phel
Wilkinson,Wilkinson,Wilkison,Wilk,Wilk
Donaldson,Donaldson,Donaltson,Don,Don
Patton,Patton,Pattun,Patin,Pat
Lambert,Lambert,Lambertt,Lamb,Lam
Cook,Cook,Cooke,Cuk,Cookie
Jacobs,Jacobs,Jakobs,Jacobz,Jake
Delarosa,De La Rosa,Delarosa,Dlarosa,Rosa
Callahan,Callahan,Calahan,Cal,Cal
Rosales,Rosales,Rozales,Rosa,Ros
Melendez,Melendez,Melendes,Melen,Mel
Boyer,Boyer,Boyar,Boyr,Boy
Bradshaw,Bradshaw,Bradsho,Brad,Brad
Luna,Luna,Lunas,Loona,Lu
Knight,Knight,Nite,Nighrt,Ni
Cline,Cline,Klein,Claiin,Cli
Pace,Pace,Pays,Pas,Pa
Lambert,Lambert,Lambertt,Lamb,Lam
Griffith,Griffith,Griffith,Grif,Griff
Martin,Martin,Marten,Martn,Mart
Swanson,Swanson,Swansn,Swans,Swan
Carey,Carey,Cary,Carie,Car
Watkins,Watkins,Watkins,Watks,Wat
Lloyd,Lloyd,Lloid,Loiyd,Loy
Peralta,Peralta,Perelta,Peral,Per
Parks,Parks,Parkes,Park,Park
Graham,Graham,Grahm,Grahame,Gray
Reynolds,Reynolds,Raynolds,Rey,Rey
Barr,Barr,Bar,Bahr,Bar
Huynh,Huynh,Huyng,Huin,Huy
Salas,Salas,Sallas,Salis,Sal
Adkins,Adkins,Atkins,Adkin,Ad
Gaines,Gaines,Ganes,Gainz,Gain
Cuevas,Cuevas,Cueva,Cuev,Cue
Patterson,Patterson,Pattersn,Patt,Pat
Jordan,Jordan,Jordyn,Jordn,Jord
Lewis,Lewis,Lews,Luis,Lew
Burton,Burton,Burtin,Burt,Burt
Guevara,Guevara,Gevara,Guev,Gev
Charles,Charles,Charls,Chrls,Charlie
Nichols,Nichols,Nicols,Nickols,Nick
Ayers,Ayers,Ayres,Airz,Ay
Shah,Shah,Sha,Shaah,Sh
Harmon,Harmon,Harman,Harm,Harm
Clark,Clark,Clarc,Clrk,Clark
Khan,Khan,Kahn,Kan,Kh
Lane,Lane,Lain,Layn,Lan
Hammond,Hammond,Hamond,Hamnd,Ham
Byrd,Byrd,Burd,Berd,By
Osborne,Osborn,Osborne,Osbrn,Oz
Gentry,Gentry,Gentri,Gent,Gen
Middleton,Middleton,Midleton,Midd,Mid
Jennings,Jennings,Jeningz,Jenngs,Jen
Quintero,Quintero,Kintero,Quin,Quin
Lu,Lu,Loo,Lou,Lu
Buckley,Buckley,Bukley,Buck,Buck
Vu,Vu,Voo,Vuh,Vu
Huynh,Huynh,Huyng,Huin,Huy
Kerr,Kerr,Ker,Kerrh,Ker
Hess,Hess,Hes,Hesz,Hes
Hall,Hall,Hal,Haul,Hal
Wilkinson,Wilkinson,Wilkison,Wilk,Wilk
Odom,Odom,Oddom,Odm,Od
Bryant,Bryant,Briyant,Bry,Bry
Kelley,Kelley,Kelly,Keli,Kel
Fields,Fields,Feilds,Filds,Field
Jordan,Jordan,Jordyn,Jordn,Jord
Hahn,Hahn,Hann,Haan,Hah
Blake,Blake,Blaik,Blak,Blak
Morgan,Morgan,Morgn,Morg,Morg
Lindsey,Lindsey,Lindsay,Linds,Lin
Barr,Barr,Bar,Bahr,Bar
Travis,Travis,Travys,Trav,Trav
Terry,Terry,Tery,Terri,Ter
Dennis,Dennis,Denis,Dens,Den
Hendrix,Hendrix,Hendriks,Hen,Hen
Weber,Weber,Webber,Webr,Web
Parker,Parker,Parkur,Park,Park
Daugherty,Daugherty,Daugherty,Daugh,Daugh
McMillan,McMillan,Mcmillan,Mac,Mac
Whitehead,Whitehead,Whitehed,White,Head
Lee,Lee,Leigh,Li,Lee
Lee,Lee,Leigh,Li,Lee
Buck,Buck,Buk,Buc,Buck
Sandoval,Sandoval,Sandoval,Sando,Sand
Mora,Mora,Morra,Mor,Mor
Russell,Russell,Russel,Russ,Russ
Sanford,Sanford,Sanfrd,San,San
Flores,Flores,Floriz,Flor,Flor
Hart,Hart,Harte,Hrt,Hart
Collier,Collier,Colyer,Col,Col
Ross,Ross,Ros,Rosse,Ros
Garrison,Garrison,Garison,Gar,Gar
Harmon,Harmon,Harman,Harm,Harm
Molina,Molina,Mollina,Mol,Mol
Beck,Beck,Bek,Bec,Beck
Powers,Powers,Powrs,Poers,Pow
Rivas,Rivas,Rivas,Riv,Riv
Christian,Christian,Cristian,Chris,Cris
Lopez,Lopez,Lopes,Lopz,Lop
Santiago,Santiago,Santiag,Santi,San
Whitehead,Whitehead,Whitehed,White,Head
Kerr,Kerr,Ker,Kerrh,Ker
Vance,Vance,Vans,Vants,Van
McCarthy,McCarthy,Mccarthy,Mac,Mac
Rhodes,Rhodes,Roades,Rhod,Rhod
Norton,Norton,Nortn,Nort,Nort
Spencer,Spencer,Spenser,Spence,Spence
Nichols,Nichols,Nicols,Nickols,Nick
Mata,Mata,Matta,Mat,Mat
Wyatt,Wyatt,Wyat,Wyiatt,Wi
Arellano,Arellano,Arelano,Are,Are
Wu,Wu,Woo,Wuh,Wu
Shaffer,Shaffer,Shafer,Shaff,Shaf
Lynn,Lynn,Lin,Lyn,Lyn
Meadows,Meadows,Medows,Mead,Mead
Macdonald,Macdonald,McDonald,Mac,Mac
Calderon,Calderon,Calderon,Cald,Cal
Andrews,Andrus,Andrews,Andres,Andy
Lamb,Lamb,Lam,Lame,Lam
Spence,Spence,Spense,Spenc,Spence
Dougherty,Dougherty,Dougherty,Daugh,Daugh
Proctor,Proctor,Prokter,Proc,Proc
Henderson,Henderson,Hendersn,Hendi,Hen
Marsh,Marsh,Marsch,Marrsh,Mar
Zamora,Zamora,Samora,Zam,Zam
Ferguson,Ferguson,Fergusn,Ferg,Ferg
Douglas,Douglas,Douglass,Doug,Doug
Beil,Beil,Biel,Bel,Beil
Crosby,Crosby,Crosbee,Cros,Cross
Swanson,Swanson,Swansn,Swans,Swan
Newman,Newman,Newma,Newm,New
Hudson,Hudson,Hudsn,Huds,Hud
Bryant,Bryant,Briyant,Bry,Bry
Case,Case,Kase,Cas,Case
Barnes,Barnes,Barns,Barn,Barn
Bailey,Bailey,Bayley,Bay,Bay
Trejo,Trejo,Treho,Tre,Trej
Solomon,Solomon,Solmon,Sol,Sol
Mack,Mack,Mac,Mak,Mac
Sellers,Sellers,Selers,Sel,Sel
Fleming,Fleming,Flemng,Flem,Flem
Ware,Ware,Wair,War,Ware
Wright,Wright,Right,Writ,Wri
Woods,Woods,Woodz,Wood,Wood
Conway,Conway,Conwy,Con,Con
Ashley,Ashley,Ashly,Ash,Ash
Flores,Flores,Floriz,Flor,Flor
Hunter,Hunter,Huntr,Hunt,Hunt
Hinton,Hinton,Hintn,Hint,Hint
Boyd,Boyd,Boid,Boy,Boyd
Rubio,Rubio,Rubiyo,Rub,Rub
Quintana,Quintana,Kintana,Quin,Quin
Lawrence,Lawrence,Laurence,Law,Law
Blanchard,Blanchard,Blanchrd,Blanch,Blan
Fox,Fox,Foks,Foc,Fox
Mora,Mora,Morra,Mor,Mor
Savage,Savage,Savidge,Sav,Savag
Herring,Herring,Hering,Herr,Her
Randall,Randall,Randal,Rand,Rand
Fuller,Fuller,Fuler,Full,Full
Anderson,Anderson,Andersn,And,And
Simpson,Simpson,Simpsn,Simp,Simp
Chase,Chase,Chace,Chas,Chas
Mayer,Mayer,Meier,Mayr,May
Greene,Greene,Green,Grn,Green
Gutierrez,Gutierrez,Gutierres,Gut,Gut
Lugo,Lugo,Luggo,Lug,Lug
Blackwell,Blackwell,Blackwel,Black,Black
Santiago,Santiago,Santiag,Santi,San
Horton,Horton,Hortn,Hort,Hort
Robinson,Robinson,Robinsn,Rob,Rob
Reese,Reese,Reece,Rees,Rees
Gardner,Gardner,Gardner,Gard,Gard
Charles,Charles,Charls,Chrls,Charlie
Hamilton,Hamilton,Hamiltn,Ham,Ham
Lamb,Lamb,Lam,Lame,Lam
Rivers,Rivers,Riverse,Riv,Riv
McMillan,McMillan,Mcmillan,Mac,Mac
Little,Little,Lital,Lit,Lit
Hood,Hood,Hude,Hood,Hud
Terrell,Terrell,Terel,Terr,Ter
Duarte,Duarte,Dwerte,Du,Duar
Wells,Wells,Wels,Wel,Wells
Guerra,Guerra,Gera,Guerr,Guer
Parra,Parra,Para,Par,Parr
McLaughlin,McLaughlin,Mclaughlin,Mac,Mac
Middleton,Middleton,Midleton,Midd,Mid
Long,Long,Longe,Lon,Long
McFarland,McFarland,Mcfarland,Mac,Mac
Landry,Landry,Landri,Land,Landr
Tang,Tang,Tahn,Tan,Tang
Bauer,Bauer,Bower,Bau,Bauer
Sexton,Sexton,Sekston,Sext,Sext
Snow,Snow,Sno,Sno,Snow
Ochoa,Ochoa,Ochoah,Och,Och
Taylor,Taylor,Tailor,Tay,Tayl
Pacheco,Pacheco,Pakeco,Pach,Pach
Klein,Klein,Kline,Kle,Klein
Owen,Owen,Owan,Ow,Owen
Morrison,Morrison,Morisd,Mor,Morri
Porter,Porter,Portur,Port,Port
Harding,Harding,Hardng,Hard,Hard
Cardenas,Cardenas,Cardenaz,Card,Card
Glover,Glover,Glovr,Glov,Glovr
Barrera,Barrera,Barera,Barr,Bar
Moore,Moore,Moor,Mor,Moore
Murray,Murray,Muray,Mur,Murr
Hancock,Hancock,Hancok,Han,Hanc
Moses,Moses,Moises,Mose,Mo
Montgomery,Montgomery,Mont,Mont,Montg
Solomon,Solomon,Solmon,Sol,Sol
Colon,Colon,Coln,Col,Colon
Pierce,Pierce,Pears,Pier,Pier
Owen,Owen,Owan,Ow,Owen
Fuller,Fuller,Fuler,Full,Full
Kirby,Kirby,Kerby,Kir,Kirb
Ali,Ali,Aly,Al,Ali
Cardenas,Cardenas,Cardenaz,Card,Card
Castaneda,Castaneda,Castaneda,Casta,Cast
Hoover,Hoover,Huvr,Hoov,Hoovr
Frank,Frank,Frnk,Fran,Frank
Dickerson,Dickerson,Dickrsn,Dick,Dicks
Xiong,Xiong,Xong,Xio,Xiong
Rivas,Rivas,Rivas,Riv,Riv
Barton,Barton,Bartn,Bart,Bart
Brewer,Brewer,Bruer,Brew,Brewr
Fields,Fields,Feilds,Filds,Field
Reyes,Reyes,Rayes,Rey,Reyes
Christian,Christian,Cristian,Chris,Cris
Yang,Yang,Jang,Yan,Yang
Hickman,Hickman,Hikman,Hick,Hick
Wong,Wong,Wang,Won,Wong
Wheeler,Wheeler,Wheeler,Whele,Wheel
Ingram,Ingram,Ingrm,Ing,Ingr
Johnston,Johnston,Johnstn,John,Johns
Rosas,Rosas,Rozas,Ros,Rosas
Russo,Russo,Ruso,Russ,Russ
Stuart,Stuart,Stuwart,Stu,Stuar
Daugherty,Daugherty,Daugherty,Daugh,Daugh
Escobar,Escobar,Escobar,Esc,Escob
Gibson,Gibson,Gibs,Gib,Gibs
Quintana,Quintana,Kintana,Quin,Quin
Esquivel,Esquivel,Eskivel,Esqu,Esqu
Navarro,Navarro,Navaro,Nav,Navar
Orozco,Orozco,Orosko,Oroz,Orozc
Branch,Branch,Brnch,Bran,Branch
Holland,Holland,Holand,Hol,Holl
Coffey,Coffey,Cofey,Cof,Coff
Humphrey,Humphrey,Humfry,Humphri,Hump
McGee,McGee,Mcgee,Mac,Mac
Bernal,Bernal,Burnal,Ber,Bern
Leblanc,Leblanc,Le blanc,Leb,Leb
Benton,Benton,Bentn,Bent,Benton
Taylor,Taylor,Tailor,Tay,Tayl
Day,Day,Dae,Day,Day
Alexander,Alexander,Alec,Alex,Alex
Bowers,Bowers,Bowrs,Bow,Bower
Hood,Hood,Hude,Hood,Hud
Noble,Noble,Nobl,Nob,Nobl
Barker,George,Barker,Barkr,Bark
George,George,Jorge,Georgy,Geo
Zamora,Zamora,Samora,Zam,Zam
Stephenson,Stephenson,Stephensn,Steph,Steve
Palacios,Palacios,Palashios,Pal,Palac
Green,Green,Grn,Greenh,Green
Ford,Ford,Fored,For,Ford
Howe,Howe,How,Howi,Howe
Sampson,Sampson,Sampsn,Sam,Samps
Gaines,Gaines,Ganes,Gainz,Gain
Drake,Drake,Drak,Drak,Drake
Bush,Bush,Boush,Bus,Bush
Petersen,Petersen,Peterson,Pete,Peter
Woodard,Woodard,Wooderd,Wood,Wooda
McKinney,McKinney,Mckinney,Mac,Mac
Campbell,Campbell,Campbel,Camp,Camp
Dillon,Dillon,Dilon,Dil,Dillo
Miles,Miles,Myls,Mile,Miles
Davenport,Davenport,Davenprt,Dav,Daven
Gibson,Gibson,Gibs,Gib,Gibs
McCoy,McCoy,Mccoy,Mac,Mac
Juarez,Juarez,Hwarez,Juar,Juarz
Casey,Casey,Kasey,Cas,Casey
Li,Li,Lee,Lii,Li
Stout,Stout,Stowt,Staut,Stouty
Duncan,Duncan,Dunkin,Dunc,Dunc
Macdonald,Macdonald,McDonald,Mac,Mac
Franklin,Franklin,Franklyn,Frank,Frank
Horne,Horne,Horn,Horn,Horne
Rocha,Rocha,Roca,Roch,Rocha
Coleman,Coleman,Colman,Cole,Colem
Huang,Huang,Hwang,Huang,Huang
Contreras,Contreras,Contrera,Con,Contr
Carlson,Carlson,Carlsn,Carl,Carls
Buchanan,Buchanan,Bucanan,Buck,Buch
Lu,Lu,Loo,Lou,Lu
Collier,Collier,Colyer,Col,Col
Lambert,Lambert,Lambertt,Lamb,Lam
Lloyd,Lloyd,Lloid,Loiyd,Loy
Moses,Moses,Moises,Mose,Mo
Maddox,Brady,Maddox,Madox,Mad
Brady,Brady,Braidy,Brad,Brad
Trujillo,Trujillo,Truhillo,Tru,Truj
Ballard,Ballard,Balard,Ball,Ball
Fitzpatrick,Holmes,Fitzpatrick,Fitspatrick,Fitz
Holmes,Holmes,Holms,Holm,Holm
Hudson,Hudson,Hudsn,Huds,Hud
Merritt,Merritt,Merit,Mer,Merri
Woods,Woods,Woodz,Wood,Wood
Khan,Khan,Kahn,Kan,Kh
Knapp,Knapp,Nap,Knapp,Knap
Stuart,Stuart,Stuwart,Stu,Stuar
Kerr,Kerr,Ker,Kerrh,Ker
Powell,Powell,Powl,Powl,Pow
Gates,Gates,Gaits,Gate,Gate
Barber,Barber,Barbr,Barb,Barb
Preston,Preston,Prestn,Pres,Prest
Bautista,Bautista,Bawtista,Baut,Baut
Woodard,Woodard,Wooderd,Wood,Wooda
Hull,Hull,Hul,Hule,Hull
Soto,Soto,Sotoh,Sot,Soto
McConnell,McConnell,Mcconnel,Mac,Mac
Pacheco,Pacheco,Pakeco,Pach,Pach
Santiago,Santiago,Santiag,Santi,San
Farmer,Farmer,Farmr,Farm,Farme
Porter,Porter,Portur,Port,Port
Travis,Travis,Travys,Trav,Travi
Barber,Barber,Barbr,Barb,Barb
Sawyer,Sawyer,Soyers,Saw,Sawye
Calhoun,Calhoun,Calhun,Cal,Calho
Rose,Rose,Roz,Rose,Ros
Erickson,Erickson,Ericson,Eric,Erik
Strickland,Strickland,Stricland,Strick,Stric
Callahan,Callahan,Calahan,Cal,Cal
Cardenas,Cardenas,Cardenaz,Card,Card
Skinner,Skinner,Skiner,Skin,Skin
Richards,Richards,Richrds,Rich,Richa
McCullough,McCullough,Mccullough,Mac,Mac
Blackburn,Blackburn,Blackbrn,Black,Blackb
Beasley,Beasley,Beazley,Beas,Beas
Raymond,Raymond,Raymon,Ray,Raymo
Villalobos,Villalobos,Vilalobos,Villa,Villa
Rodriguez,Rodriguez,Rodriges,Rod,Rodri
Bishop,Bishop,Bishup,Bish,Bish
Martinez,Martinez,Martines,Mart,Marti
Evans,Evans,Evans,Evs,Ev
Spencer,Spencer,Spenser,Spence,Spence
Neill,Neill,Neal,Neel,Neil
Scott,Scott,Skott,Scot,Scott
Mays,Mays,Mayz,May,Mays
McIntosh,McIntosh,Maintosh,Mac,Mac
Matthews,Matthews,Mathews,Matt,Matt
Mora,Mora,Morra,Mor,Mor
Shepard,Shepard,Shephard,Shep,Shep
Ortega,Ortega,Ortega,Ort,Orteg
Merritt,Merritt,Merit,Mer,Merri
Conner,Conner,Conor,Con,Conne
Tanner,Tanner,Taner,Tan,Tanne
Serrano,Serrano,Serano,Ser,Serra
Curry,Curry,Curi,Cur,Curry
Beltran,Beltran,Beltrand,Bel,Beltr
Marshall,Marshall,Marshal,Marsh,Marsh
Ponce,Ponce,Pons,Pon,Ponce
Rivas,Rivas,Rivas,Riv,Riv
Potts,Potts,Pots,Pot,Potts
Cochran,Cochran,Cochrn,Coch,Cochr
Giles,Giles,Gyles,Gil,Giles
Terrell,Terrell,Terel,Terr,Ter
Blanchard,Blanchard,Blanchrd,Blan,Blanch
Carr,Carr,Car,Car,Carr
Burch,Burch,Bertch,Bur,Burch
House,House,Howse,Hou,House
Herman,Herman,Herrman,Herm,Herma
Erickson,Erickson,Ericson,Eric,Erik
Hail,Hail,Hale,Hai,Hail
Lucas,Lucas,Lukas,Luc,Lucas
Weiss,Weiss,Wice,Wei,Weiss
Rosario,Rosario,Rosario,Ros,Rosa
McKee,McKee,Mckee,Mac,Mac
Herman,Herman,Herrman,Herm,Herma
Blake,Blake,Blaik,Blak,Blak
Williamson,Williamson,Williamsn,Will,Willi
Sheppard,Sheppard,Shep,Sheppard,Shep
Dawson,Dawson,Dawsyn,Daw,Dawso
Brandt,Brandt,Brant,Bran,Brand
Washington,Washington,Washingtn,Wash,Washi
Callahan,Callahan,Calahan,Cal,Cal
Conner,Conner,Conor,Con,Conne
Cook,Cook,Cooke,Cuk,Cookie
Raymond,Raymond,Raymon,Ray,Raymo
Carson,Carson,Carsn,Car,Carso
Jensen,Jensen,Jenson,Jens,Jens
Wallace,Wallace,Wallis,Wal,Wall
McDonald,McDonald,Mcdonald,Mac,Mac
Ramsey,Ramsey,Ramsay,Ram,Ramse
Quinn,Quinn,Quin,Quin,Quinn
Wells,Wells,Wels,Wel,Wells
Cortez,Cortez,Cortezt,Cort,Corte
Phelps,Phelps,Phels,Phelp,Phel
Hoffman,Hoffman,Hofman,Hoff,Hoffm
Mann,Mann,Man,Man,Mann
Petersen,Petersen,Peterson,Pete,Peter
Gardner,Gardner,Gardner,Gard,Gard
Fox,Fox,Foks,Foc,Fox
Shelton,Shelton,Sheltn,Shel,Shelt
Graham,Graham,Grahm,Gray,Gray
Thompson,Thompson,Thompsn,Thom,Thomp
Jensen,Jensen,Jenson,Jens,Jens
Ball,Ball,Bawl,Bal,Ball
Stephenson,Stephenson,Stephensn,Steph,Steve
Lester,Lester,Lestr,Les,Leste
Allen,Allen,Alen,Al,Allen
Frye,Frye,Fry,Frye,Fry
Hopkins,Hopkins,Hopkins,Hop,Hopk
Hodges,Hodges,Hodge,Hod,Hodge
Moyer,Moyer,Moyar,Moy,Moyer
Potts,Potts,Pots,Pot,Potts
Knapp,Knapp,Nap,Knapp,Knap
Johnson,Johnson,Jonson,John,Johns
Newman,Newman,Newma,Newm,New
Serrano,Serrano,Serano,Ser,Serra
Campos,Campos,Camp,Camp,Camp
Correa,Correa,Corea,Cor,Corre
Reyna,Reyna,Rayna,Reina,Rey
Murray,Murray,Muray,Mur,Murr
Kline,Kline,Klein,Kli,Kline
Webb,Webb,Web,Webb,Webb
Campos,Campos,Camp,Camp,Camp
Wyatt,Wyatt,Wyat,Wi,Wyatt
McLean,McLean,Mclean,Mac,Mac
Delgado,Delgado,Delgato,Del,Delg
Butler,Butler,Butlr,But,Butle
Lu,Lu,Loo,Lou,Lu
Choi,Choi,Choy,Choi,Choi
Mendoza,Mendoza,Mendoza,Mend,Mendo
Molina,Molina,Mollina,Mol,Molin
Meyers,Meyers,Myers,Mey,Meyer
Brandt,Brandt,Brant,Bran,Brand
Mata,Mata,Matta,Mat,Mata
Rangel,Rangel,Rangel,Ran,Rangel
Medrano,Medrano,Medrano,Med,Medra
Roberson,Roberson,Robison,Rob,Rober
Arroyo,Arroyo,Arojo,Arro,Arroy
Barnett,Barnett,Barnet,Bar,Barne
Proctor,Proctor,Prokter,Proc,Proct
Mayo,Mayo,Mayoh,May,Mayo
Stuart,Stuart,Stuwart,Stu,Stuar
Lindsey,Lindsey,Lindsay,Linds,Lin
Atkinson,Atkinson,Atkinsn,Atk,Atkins
Pratt,Pratt,Prat,Pratt,Pratt
Herring,Herring,Hering,Herr,Herri
Jackson,Jackson,Jaxon,Jack,Jacks
Duran,Duran,Durand,Dur,Duran
Washington,Washington,Washingtn,Wash,Washi
Arias,Arias,Aryas,Ari,Arias
Bush,Bush,Boush,Bus,Bush
Rodriguez,Rodriguez,Rodriges,Rod,Rodri
Travis,Travis,Travys,Trav,Travi
Cox,Cox,Cocks,Cox,Cox
McCarty,McCarty,Mccarty,Mac,Mac
Clark,Clark,Clarc,Clrk,Clark
Harrison,Harrison,Harrisn,Har,Harris
Gillespie,Gillespie,Gillespi,Gil,Gilles
Burgess,Burgess,Burgis,Burg,Burge
Gregory,Gregory,Greg,Greg,Grego
Stone,Stone,Ston,Sto,Stone
Rivers,Rivers,Riverse,Riv,River
Bryant,Bryant,Briyant,Bry,Bryan
Tran,Tran,Trann,Trahn,Tr
Kerr,Kerr,Ker,Kerrh,Ker
Ortega,Ortega,Ortega,Ort,Orteg
Palacios,Palacios,Palashios,Pal,Palac
Shields,Shields,Sheilds,Shield,Shiel
Robertson,Robertson,Robertsn,Rob,Robert
Wilkinson,Wilkinson,Wilkison,Wilk,Wilk
Salgado,Salgado,Salgado,Sal,Salga
Lugo,Lugo,Luggo,Lug,Lugo
Cordova,Cordova,Cordoba,Cord,Cordo
Powers,Powers,Powrs,Poers,Pow
Villegas,Villegas,Vilegas,Vill,Ville
McCullough,McCullough,Mccullough,Mac,Mac
Huerta,Huerta,Werta,Hue,Huert
Travis,Travis,Travys,Trav,Travi
Gibson,Gibson,Gibs,Gib,Gibs
Adkins,Adkins,Atkins,Adkin,Ad
Harrington,Harrington,Harington,Har,Haring
Fuentes,Fuentes,Fuentez,Fuen,Fuent
Castro,Castro,Kastro,Cas,Castro
Howard,Howard,Howerd,How,Howar
Arellano,Arellano,Arelano,Are,Arell
Stanton,Stanton,Stantn,Stan,Stant
Woodward,Woodward,Wooderd,Wood,Woodw
Kent,Kent,Knt,Kent,Kent
Chang,Chang,Chng,Cha,Chang
Conley,Conley,Conly,Con,Conle
Blake,Blake,Blaik,Blak,Blak
White,White,Whyte,Whit,White
Holmes,Holmes,Holms,Holm,Holm
Walters,Walters,Waltr,Walt,Walte
Peck,Peck,Pek,Pck,Peck
Abbott,Abbott,Abot,Abb,Abbot
Avery,Avery,Avary,Ave,Avery
Garrett,Garrett,Garet,Gar,Garre
Hurley,Hurley,Hurly,Hur,Hurle
Villarreal,Villarreal,Vilareal,Villa,Villar
Hartman,Hartman,Hartmen,Hart,Hartm
Yoder,Yoder,Yodr,Yod,Yoder
Ford,Ford,Fored,For,Ford
Dominguez,Dominguez,Dominges,Dom,Doming
Boyer,Boyer,Boyar,Boyr,Boy
McClure,McClure,Mcclure,Mac,Mac
Cantrell,Cantrell,Cantrel,Cant,Cantre
Owens,Owens,Oens,Owe,Owens
Velazquez,Velazquez,Velasquez,Vel,Velaz
Landry,Landry,Landri,Land,Landr
Valenzuela,Valenzuela,Valenzuela,Val,Valen
Gomez,Gomez,Gomes,Gom,Gomez
Soto,Soto,Sotoh,Sot,Soto
Walton,Walton,Waltn,Walt,Walto
Callahan,Callahan,Calahan,Cal,Cal
Harmon,Harmon,Harman,Harm,Harm
Macias,Macias,Masias,Mac,Macia
Walls,Walls,Wals,Wal,Walls
Castro,Castro,Kastro,Cas,Castro
Harding,Harding,Hardng,Hard,Hard
Morton,Morton,Mortn,Mort,Morto
Wood,Wood,Wud,Wood,Wood
Rangel,Rangel,Rangel,Ran,Rangel
Lucero,Lucero,Lusero,Luc,Lucer
Jefferson,Jefferson,Jeferson,Jeff,Jeffer
Osborne,Osborn,Osborne,Osbrn,Oz
Rangel,Rangel,Rangel,Ran,Rangel
Alfaro,Alfaro,Alfero,Alf,Alfar
Duke,Duke,Duk,Duke,Duke
Carr,Carr,Car,Car,Carr
Barnett,Barnett,Barnet,Bar,Barne
Pope,Pope,Poap,Pop,Pope
Jordan,Jordan,Jordyn,Jordn,Jord
Davila,Davila,Davilla,Dav,Davil
Nichols,Nichols,Nicols,Nickols,Nick
Mann,Mann,Man,Man,Mann
Zhang,Zhang,Zang,Zha,Zhang
Villarreal,Villarreal,Vilareal,Villa,Villar
Gross,Gross,Gros,Gro,Gross
Estes,Estes,Estis,Est,Estes
Wright,Wright,Right,Writ,Wri
Grimes,Grimes,Grymes,Grim,Grime
Cantu,Cantu,Kantoo,Can,Cantu
Ferguson,Ferguson,Fergusn,Ferg,Ferg
Moore,Moore,Moor,Mor,Moore
Pollard,Pollard,Polard,Pol,Pollar
Sims,Sims,Simz,Sim,Sims
Parker,Parker,Parkur,Park,Parke
Cisneros,Cisneros,Cizneros,Cis,Cisner
Espinoza,Espinoza,Espinosa,Esp,Espin
Guerrero,Guerrero,Gerero,Guer,Guerr
Peterson,Peterson,Petrsn,Pete,Peter
Silva,Silva,Cilva,Sil,Silva
Leonard,Leonard,Leonnard,Leo,Leona
Lane,Lane,Lain,Layn,Lan
Castro,Castro,Kastro,Cas,Castro
Kline,Kline,Klein,Kli,Kline
Wu,Wu,Woo,Wuh,Wu
Williams,Williams,Wiliams,Will,Willi
Barton,Barton,Bartn,Bart,Barto
Galindo,Galindo,Galindo,Gal,Galind
Ochoa,Ochoa,Ochoah,Och,Ochoa
Allison,Allison,Alison,Ali,Allis
Jordan,Jordan,Jordyn,Jordn,Jord
Reeves,Reves,Reeves,Ree,Reeve
Roman,Roman,Romen,Rom,Roman
Klein,Klein,Kline,Kle,Klein
Bennett,Bennett,Benet,Ben,Benne
Small,Small,Smll,Sma,Small
Horne,Horne,Horn,Horn,Horne
Roth,Roth,Rothe,Rot,Roth
Nelson,Nelson,Nelsn,Nel,Nels
Vaughan,Vaughan,Vaughn,Vaugh,Vaugha
Moses,Moses,Moises,Mose,Mo
Campbell,Campbell,Campbel,Camp,Campb
Curtis,Curtis,Curtiss,Curt,Curti
Leal,Leal,Leel,Leal,Leal
Norris,Norris,Noris,Nor,Norri
Solomon,Solomon,Solmon,Sol,Solom
Hawkins,Hawkins,Hawkins,Hawk,Hawki
Walker,Walker,Woker,Walk,Walke
Morse,Morse,Moors,Mor,Morse
Person,Person,Persn,Per,Perso
Howard,Howard,Howerd,How,Howar
McBride,McBride,Mcbride,Mac,Macb
Raymond,Raymond,Raymon,Ray,Raymo
Contreras,Contreras,Contrera,Con,Contr
Parker,Parker,Parkur,Park,Parke
Little,Little,Lital,Lit,Littl
Cantrell,Cantrell,Cantrel,Cant,Cantre
Mata,Mata,Matta,Mat,Mata
Barrett,Barrett,Barret,Bar,Barre
Cooper,Cooper,Coupr,Coop,Coope
Bradford,Bradford,Bradfrd,Brad,Bradf
Booker,Booker,Bokr,Book,Booke
Shepherd,Shepherd,Shephard,Shep,Sheph
Richards,Richards,Richrds,Rich,Richa
Wheeler,Wheeler,Wheeler,Whele,Wheel
Orr,Orr,Or,Orr,Orr
Lloyd,Lloyd,Lloid,Loiyd,Loy
McCullough,McCullough,Mccullough,Mac,Mac
Blanchard,Blanchard,Blanchrd,Blan,Blanc
Cantrell,Cantrell,Cantrel,Cant,Cantre
Chang,Chang,Chng,Cha,Chang
Daugherty,Daugherty,Daugherty,Daugh,Daugh
Curry,Curry,Curi,Cur,Curry
Morrison,Morrison,Morisd,Mor,Morri
Huff,Huff,Huf,Huff,Huff
Clarke,Clarke,Clark,Clark,Clark
Liu,Liu,Liw,Liu,Liu
Duncan,Duncan,Dunkin,Dunc,Dunca
Palacios,Palacios,Palashios,Pal,Palac
Simpson,Simpson,Simpsn,Simp,Simps
Guzman,Guzman,Gusman,Guz,Guzma
Merritt,Merritt,Merit,Mer,Merri
Browning,Browning,Brownng,Brown,Browni
Finley,Finley,Finli,Fin,Finle
Santos,Santos,Sntos,San,Santo
Larsen,Larsen,Larson,Lar,Larse
Vaughan,Vaughan,Vaughn,Vaugh,Vaugha
Alexander,Alexander,Alec,Alex,Alexan
Lawson,Lawson,Lawsn,Law,Lawso
Edwards,Edwards,Edwrds,Ed,Edwar
Rivera,Rivera,Rivira,Riv,River
Alvarado,Alvarado,Alverado,Alv,Alvara
Brooks,Brooks,Bruks,Brook,Brook
Sampson,Sampson,Sampsn,Sam,Samps
Ashley,Ashley,Ashly,Ash,Ashle
Pena,Pena,Pena,Pena,Pena
McIntosh,McIntosh,Maintosh,Mac,Mac
Payne,Payne,Pain,Pay,Payne
Harper,Harper,Harpr,Harp,Harpe
Clayton,Clayton,Claytn,Clay,Clayto
Hicks,Hicks,Hiks,Hick,Hicks
Clarke,Clarke,Clark,Clark,Clark
Huber,Huber,Hoober,Hub,Huber
Stein,Stein,Stine,Ste,Stein
Dorsey,Dorsey,Dorsy,Dor,Dorse
Strong,Strong,Strng,Str,Stron
Carr,Carr,Car,Car,Carr
Hicks,Hicks,Hiks,Hick,Hicks
Reynolds,Reynolds,Raynolds,Rey,Reyno
McKenzie,McKenzie,Mckenzie,Mac,Mac
Buck,Buck,Buk,Buc,Buck
Rosales,Rosales,Rozales,Rosa,Rosal
Benson,Benson,Bensn,Ben,Benso
Horne,Horne,Horn,Horn,Horne
Castillo,Castillo,Castiyo,Cas,Castil
Beltran,Beltran,Beltrand,Bel,Beltr
Chan,Chan,Chn,Chan,Chan
Bridges,Bridges,Brijes,Brid,Bridg
Logan,Logan,Logen,Log,Logan
Shepard,Shepard,Shephard,Shep,Sheph
Parker,Parker,Parkur,Park,Parke
Todd,Todd,Tod,Todd,Todd
Avalos,Avalos,Avaloz,Ava,Avalo
Berg,Berg,Burg,Berg,Berg
Reynolds,Reynolds,Raynolds,Rey,Reyno
Mueller,Mueller,Muller,Muel,Muelle
Strong,Strong,Strng,Str,Stron
Leonard,Leonard,Leonnard,Leo,Leona
Lamb,Lamb,Lam,Lame,Lamb
Bartlett,Bartlett,Bartlet,Bart,Bartle
Vega,Vega,Vegas,Veg,Vega
Spence,Spence,Spense,Spenc,Spence
Cherry,Cherry,Cheri,Cher,Cherry
Davidson,Davidson,Davidsn,Dav,Davids
Mason,Mason,Maison,Mas,Mason
Hurley,Hurley,Hurly,Hur,Hurle
McLean,McLean,Mclean,Mac,Mac
Quinn,Quinn,Quin,Quin,Quinn
Haynes,Haynes,Haines,Hay,Hayne
Terrell,Terrell,Terel,Terr,Terre
Hurst,Hurst,Herst,Hur,Hurst
Alvarado,Alvarado,Alverado,Alv,Alvara
Franco,Franco,Franko,Fran,Franc
Sosa,Sosa,Soza,Sos,Sosa
Austin,Austin,Ostin,Aus,Austi
Simon,Simon,Symon,Sim,Simon
Larson,Larson,Larsn,Lar,Larso
Glover,Glover,Glovr,Glov,Glove
Knapp,Knapp,Nap,Knapp,Knap
Leon,Leon,Leone,Leo,Leon
Nicholson,Nicholson,Nicholsn,Nick,Nichol
Rogers,Rogers,Rodgers,Rog,Roger
Wang,Wang,Wong,Wan,Wang
Small,Small,Smll,Sma,Small
Hopkins,Hopkins,Hopkins,Hop,Hopki
Medina,Medina,Medena,Med,Medin
Franklin,Franklin,Franklyn,Frank,Frankl
Grant,Grant,Gran,Grant,Grant
Truong,Truong,Truong,Tru,Truon
Palmer,Palmer,Palmr,Pal,Palme
Mullen,Mullen,Mulln,Mul,Mulle
Villarreal,Villarreal,Vilareal,Villa,Villar
Rosario,Rosario,Rosario,Ros,Rosar
Preston,Preston,Prestn,Pres,Prest
Wells,Wells,Wels,Wel,Wells
Decker,Decker,Dekr,Deck,Decke
Foster,Foster,Fostr,Fos,Foste
Castro,Castro,Kastro,Cas,Castro
Pennington,Pennington,Peningtn,Pen,Penning
Reilly,Reilly,Riley,Rey,Reill
Hendrix,Hendrix,Hendriks,Hen,Hendri
Fox,Fox,Foks,Foc,Fox
Blankenship,Blankenship,Blanknship,Blank,Blankens
Walter,Walter,Wolter,Walt,Walte
Choi,Choi,Choy,Choi,Choi
Greene,Greene,Green,Grn,Green
Peck,Peck,Pek,Pck,Peck
Gibbs,Gibbs,Gibs,Gib,Gibbs
Rhodes,Rhodes,Roades,Rhod,Rhode
Dejesus,Dejesus,De jesus,De,Dejes
Blackwell,Blackwell,Blackwel,Black,Blackw
Chase,Chase,Chace,Chas,Chase
Boyle,Boyle,Boil,Boy,Boyle
Hoover,Hoover,Huvr,Hoov,Hoovr
Cortez,Cortez,Cortezt,Cort,Corte
Valencia,Valencia,Valensia,Val,Valenc
McKenzie,McKenzie,Mckenzie,Mac,Mac
Glass,Glass,Glas,Glas,Glass
Russell,Russell,Russ,Russ,Russel
Reyes,Reyes,Rayes,Rey,Reyes
Farmer,Farmer,Farmr,Farm,Farme
Trujillo,Trujillo,Truhillo,Tru,Truji
Bean,Bean,Been,Bea,Bean
Phan,Phan,Phahn,Pahn,Ph
Sherman,Sherman,Shermn,Sher,Sherm
Pugh,Pugh,Poogh,Pug,Pugh
Moon,Moon,Moone,Moo,Moon
Rowe,Rowe,Roe,Row,Rowe
Jacobs,Jacobs,Jakobs,Jacobz,Jake
Leon,Leon,Leone,Leo,Leon
Camacho,Camacho,Camaso,Cam,Camach
Velez,Velez,Veles,Vel,Velez
Spears,Spears,Speers,Spear,Sp
Small,Small,Smll,Sma,Small
May,May,Mai,May,May
Duke,Duke,Duk,Duke,Duke
Nunez,Nunez,Nunez,Nun,Nunez
Ayala,Ayala,Aiala,Aya,Ayala
Reyes,Reyes,Rayes,Rey,Reyes
Drake,Drake,Drak,Drak,Drake
Yu,Yu,Yoo,Yu,Yu
Yates,Yates,Yeats,Yat,Yates
Arnold,Arnold,Aranold,Arn,Arnol
Barajas,Barajas,Barahas,Bar,Baraj
Sanchez,Sanchez,Sanches,San,Sanch
Myers,Myers,Miers,My,Myers
Villanueva,Villanueva,Vilanueva,Villa,Villanu
Allen,Allen,Alen,Al,Allen
Sanford,Sanford,Sanfrd,San,Sanfo
Kaur,Kaur,Koor,Kau,Kaur
Roach,Roach,Rotch,Roa,Roach
Frazier,Frazier,Frasier,Fra,Frazi
Shields,Shields,Sheilds,Shield,Shiel
Giles,Giles,Gyles,Gil,Giles
Park,Park,Parrk,Park,Park
Small,Small,Smll,Sma,Small
Rivera,Rivera,Rivira,Riv,River
Hendricks,Hendricks,Hendriks,Hen,Hendric
Wiley,Wiley,Wily,Wil,Wiley
Quintana,Quintana,Kintana,Quin,Quint
McCall,McCall,Mccall,Mac,Mac
Harrington,Harrington,Harington,Har,Haring
Lozano,Lozano,Losano,Loz,Lozano
Wilcox,Wilcox,Wilkox,Wil,Wilco
Farley,Farley,Farlie,Far,Farle
Underwood,Underwood,Underwud,Underw,Wood
Perkins,Perkins,Perkins,Per,Perki
Wise,Wise,Wyse,Wis,Wise
Huynh,Huynh,Huyng,Huin,Huy
Winters,Winters,Wintrs,Win,Winte
Dillon,Dillon,Dilon,Dil,Dillo
Castaneda,Castaneda,Castaneda,Casta,Cast
Haley,Haley,Hayley,Hal,Haley
Colon,Colon,Coln,Col,Colon
Owen,Owen,Owan,Ow,Owen
Kramer,Kramer,Kraymer,Kram,Krame
Woods,Woods,Woodz,Wood,Wood
Kramer,Kramer,Kraymer,Kram,Krame
Cole,Cole,Coal,Col,Cole
Adams,Adams,Addams,Ad,Adams
Henry,Henry,Henrey,Hen,Henry
Sutton,Sutton,Suttn,Sut,Sutto
Cline,Cline,Klein,Claiin,Cli
Mullen,Mullen,Mulln,Mul,Mulle
Faulkner,Faulkner,Folkner,Faulk,Faulkne
Bates,Bates,Baits,Bat,Bates
McCann,McCann,Mccann,Mac,Mac
Greene,Greene,Green,Grn,Green
Terry,Terry,Tery,Terri,Ter
Romero,Romero,Romero,Rom,Romer
Ho,Ho,Hoh,Ho,Ho
brien,Brien,Bryan,Bri,Brien
Barajas,Barajas,Barahas,Bar,Baraj
Fitzgerald,Fitzgerald,Fitsgerald,Fitz,Fitzger
Yoder,Yoder,Yodr,Yod,Yoder
Rivas,Rivas,Rivas,Riv,Riv
King,King,Kng,King,King
Duran,Duran,Durand,Dur,Duran
McBride,McBride,Mcbride,Mac,Mac
Fry,Fry,Frie,Fry,Fry
Navarro,Navarro,Navaro,Nav,Navar
Schroeder,Schroeder,Schroder,Schro,Schroed
Landry,Landry,Landri,Land,Landr
Middleton,Middleton,Midleton,Midd,Mid
Cole,Cole,Coal,Col,Cole
Hodge,Hodge,Hodge,Hod,Hodge
Jenkins,Jenkins,Jenkns,Jen,Jenki
Farmer,Farmer,Farmr,Farm,Farme
Osborne,Osborn,Osborne,Osbrn,Oz
Daniel,Daniel,Danial,Dan,Danie
Parrish,Parrish,Parish,Par,Parri
Patrick,Patrick,Patrik,Pat,Patri
Wong,Wong,Wang,Won,Wong
Dunn,Dunn,Dun,Dunn,Dunn
Tran,Tran,Trann,Trahn,Tr
Ayala,Ayala,Aiala,Aya,Ayala
Shah,Shah,Sha,Shaah,Sh
Conley,Conley,Conly,Con,Conle
Berger,Berger,Burger,Berg,Berge
English,English,Englis,Eng,Engli
Herrera,Herrera,Herera,Her,Herrer
Gallagher,Gallagher,Galagher,Gal,Gallagh
Sanchez,Sanchez,Sanches,San,Sanch
Hampton,Hampton,Hamptn,Hamp,Hampt
King,King,Kng,King,King
Willis,Willis,Wilis,Will,Willi
Heath,Heath,Heeth,Hea,Heath
Buchanan,Buchanan,Bucanan,Buck,Buchan
Ray,Ray,Rey,Rae,Ray
Horn,Horn,Horne,Hor,Horn
McClure,McClure,Mcclure,Mac,Mac
Patrick,Patrick,Patrik,Pat,Patri
Cortez,Cortez,Cortezt,Cort,Corte
Taylor,Taylor,Tailor,Tay,Tayl
Parsons,Parsons,Parsns,Par,Parso
Fry,Fry,Frie,Fry,Fry
Turner,Turner,Turnur,Turn,Turne
Cantrell,Cantrell,Cantrel,Cant,Cantre
Blackburn,Blackburn,Blackbrn,Black,Blackb
Lucero,Lucero,Lusero,Luc,Lucer
Reese,Reese,Reece,Rees,Reese
Castaneda,Castaneda,Castaneda,Casta,Cast
Dunn,Dunn,Dun,Dunn,Dunn
Sharp,Sharp,Sharpe,Sha,Sharp
Miller,Miller,Miler,Mil,Mille
Frost,Frost,Frosth,Fros,Frost
Steele,Steele,Steel,Stee,Steel
Kemp,Kemp,Kempp,Kemp,Kemp
Barber,Barber,Barbr,Barb,Barb
Yang,Yang,Jang,Yan,Yang
Estrada,Estrada,Estrda,Est,Estra
Strong,Strong,Strng,Str,Stron
Mason,Mason,Maison,Mas,Mason
Glover,Glover,Glovr,Glov,Glove
Larson,Larson,Larsn,Lar,Larso
Correa,Correa,Corea,Cor,Corre
Orozco,Orozco,Orosko,Oroz,Orozc
Padilla,Padilla,Padila,Pad,Padil
Hoover,Hoover,Huvr,Hoov,Hoovr
Wise,Wise,Wyse,Wis,Wise
Portillo,Portillo,Portilyo,Port,Portil
Guerrero,Guerrero,Gerero,Guer,Guerr
Porter,Porter,Portur,Port,Port
Acosta,Acosta,Akosta,Aco,Acost
Burch,Burch,Bertch,Bur,Burch
Shepherd,Shepherd,Shephard,Shep,Sheph
Harding,Harding,Hardng,Hard,Hard
Collins,Collins,Colins,Col,Collin
Lim,Lim,Lym,Lim,Lim
Green,Green,Grn,Greenh,Green
George,George,Jorge,Georgy,Geo
Fletcher,Fletcher,Fletchr,Fletch,Fletc
Medina,Medina,Medena,Med,Medin
Harrison,Harrison,Harrisn,Har,Harris
Cherry,Cherry,Cheri,Cher,Cherry
Montoya,Montoya,Montoya,Mont,Montoy
Steele,Steele,Steel,Stee,Steel
Lucero,Lucero,Lusero,Luc,Lucer
Singleton,Singleton,Singlton,Sing,Singlet
Jackson,Jackson,Jaxon,Jack,Jacks
Brennan,Brennan,Brennen,Bren,Brenn
Burch,Burch,Bertch,Bur,Burch
Swanson,Swanson,Swansn,Swans,Swan
Williamson,Williamson,Williamsn,Will,Willi
McGuire,McGuire,Mcguire,Mac,Mac
Baldwin,Baldwin,Baldwin,Bald,Baldi
Archer,Archer,Artcher,Arch,Arche
Fisher,Fisher,Fischer,Fish,Fishe
Guevara,Guevara,Gevara,Guev,Guev
Norris,Norris,Noris,Nor,Norri
Sanford,Sanford,Sanfrd,San,Sanfo
Schaefer,Schaefer,Schafer,Sch,Schaef
Fry,Fry,Frie,Fry,Fry
Morris,Morris,Moris,Mor,Morri
Wall,Wall,Wahl,Wal,Wall
Wong,Wong,Wang,Won,Wong
Medina,Medina,Medena,Med,Medin
Bruce,Bruce,Broos,Bru,Bruce
Conley,Conley,Conly,Con,Conle
Howe,Howe,How,Howi,Howe
Hendricks,Hendricks,Hendriks,Hen,Hendric
Baker,Baker,Bakur,Bak,Baker
Ruiz,Ruiz,Ruis,Rui,Ruiz
Morgan,Morgan,Morgn,Morg,Morga
Rasmussen,Rasmussen,Rasmusen,Ras,Rasmus
Wilkinson,Wilkinson,Wilkison,Wilk,Wilk
Zuniga,Zuniga,Suniga,Zun,Zunig
Rowland,Rowland,Roland,Row,Rowla
Wiley,Wiley,Wily,Wil,Wiley
Harding,Harding,Hardng,Hard,Hard
Dunlap,Dunlap,Dunlap,Dun,Dunla
Bautista,Bautista,Bawtista,Baut,Bautis
Watson,Watson,Watsn,Wat,Watso
Mann,Mann,Man,Man,Mann
Winters,Winters,Wintrs,Win,Winte
Horn,Horn,Horne,Hor,Horn
Henderson,Henderson,Hendersn,Hen,Henders
Cruz,Cruz,Crooz,Cru,Cruz
Johnston,Johnston,Johnstn,John,Johns
Palmer,Palmer,Palmr,Pal,Palme
Schultz,Schultz,Shultz,Schu,Schult
Dorsey,Dorsey,Dorsy,Dor,Dorse
Prince,Prince,Prins,Prin,Princ
Maynard,Maynard,Maynerd,May,Mayna
Morris,Morris,Moris,Mor,Morri
Thompson,Thompson,Thompsn,Thom,Thomp
Gordon,Gordon,Gordn,Gor,Gordo
Hensley,Hensley,Hensli,Hen,Hensl
Hester,Hester,Hestr,Hes,Heste
Deleon,De leon,Deleon,Del,Dele
Trujillo,Trujillo,Truhillo,Tru,Truji
Cisneros,Cisneros,Cizneros,Cis,Cisner
Sullivan,Sullivan,Sullivn,Sull,Sulliv
Yang,Yang,Jang,Yan,Yang
Hahn,Hahn,Hann,Haan,Hah
Spence,Spence,Spense,Spenc,Spence
Hebert,Hebert,Hebart,Heb,Heber
Quinn,Quinn,Quin,Quin,Quinn
Spencer,Spencer,Spenser,Spence,Spence
Gregory,Gregory,Greg,Greg,Grego
Velasquez,Velasquez,Velasquz,Vel,Velasq
Vance,Vance,Vans,Van,Vance
Orozco,Orozco,Orosko,Oroz,Orozc
Wiley,Wiley,Wily,Wil,Wiley
Burnett,Burnett,Burnet,Burn,Burnet
Lim,Lim,Lym,Lim,Lim
Gallegos,Gallegos,Galegos,Gal,Galleg
Joseph,Joseph,Joseff,Jos,Josep
Stout,Stout,Stout,Staut,Stout
Dickson,Dickson,Dicksn,Dick,Dicks
Stone,Stone,Ston,Sto,Stone
Coleman,Coleman,Colman,Cole,Colem
Watson,Watson,Watsn,Wat,Watso
Walls,Walls,Wals,Wal,Walls
Wu,Wu,Woo,Wuh,Wu
Dillon,Dillon,Dilon,Dil,Dillo
Duran,Duran,Durand,Dur,Duran
Wright,Wright,Right,Writ,Wri
Munoz,Munoz,Munyoz,Mun,Munoz
Rogers,Rogers,Rodgers,Rog,Roger
Banks,Banks,Bankz,Ban,Banks
Hendricks,Hendricks,Hendriks,Hen,Hendric
George,George,Jorge,Georgy,Geo
Butler,Butler,Butlr,But,Butle
Mays,Mays,Mayz,May,Mays
Fisher,Fisher,Fischer,Fish,Fishe
Prince,Prince,Prins,Prin,Princ
Skinner,Skinner,Skiner,Skin,Skinn
Conrad,Conrad,Konrad,Con,Conra
