hospital_id,local_patient_id,first_name,last_name,date_of_birth,sex,postcode,phone,fake_medicare_id
2,136,madison,frost,1921-11-09,M,2900,+61451439801,6174669971
2,85,ramon,logan,1991-03-25,F,2533,+61452781805,6886350040
2,96,rowan,castaneda,1991-12-17,M,2796,+61475344177,6177519760
2,174,sydney,guerrero,1972-03-10,M,2160,+61426958034,8978059565
2,286,louie,leon,1959-09-12,F,2519,+61489966890,6110365685
2,52,raelynn,melendez,1984-03-18,M,2720,+61482518497,1731644238
2,81,remington,rowland,1999-11-05,F,2644,+61497125183,8988409533
2,257,frederick,fisher,2003-12-01,M,2935,+61497743771,9355754757
2,185,adrian,austin,1949-06-27,F,2540,+61427878140,6729251980
2,251,trace,rosales,1969-12-11,M,2780,+61400282669,8283546712
2,112,addilynn,vaughan,1975-07-18,M,2461,+61422465824,3924400459
2,178,kareem,wheeler,2014-11-25,F,2021,+61454626477,5338467030
2,73,mabel,chase,1907-04-02,F,2173,+61422354304,6209658731
2,189,saint,parra,1949-01-10,M,2775,+61433672842,6828079170
2,35,,,,,,,
2,265,jamison,harding,2002-04-29,F,2847,+61494492386,5455699470
2,160,malcolm,terry,1998-11-15,M,2861,+61490343768,1302595366
2,56,raya,harding,2002-03-10,F,2697,+61452829070,6789536511
2,229,hana,russell,2019-06-30,M,2516,+61467082010,5368841589
2,258,wrenley,khan,2022-05-21,F,2562,+61433583935,7620166616
2,82,kayleigh,gibbs,1941-01-18,M,2031,+61402996023,9699223737
2,145,briella,alvarado,2014-09-04,F,2320,+61466447472,8245392338
2,45,liana,richards,1943-10-28,M,2412,+61442483823,9280686784
2,203,jalen,molina,1916-03-28,F,2399,+61441175891,5471285397
2,279,faith,mata,2011-09-05,F,2122,+61457882804,6564024984
2,154,nikolas,merritt,2008-09-01,M,2211,+61423199836,2223127738
2,90,kelsey,collier,1904-05-02,M,2765,+61401773820,7636957509
2,88,elodie,mccoy,2001-04-12,F,2918,+61437202841,2270184796
2,147,jericho,contreras,1905-01-08,F,2181,+61473921254,3510240337
2,159,marshall,ware,1974-09-04,F,2008,+61475258204,9752784850
2,260,juan,cardenas,1988-10-27,F,2768,+61422628783,5180885364
2,67,bailey,swanson,1972-12-15,F,2886,+61419774080,4558406063
2,207,winter,bishop,1974-05-12,M,2551,+61472492277,7925430606
2,194,emerald,pierce,1971-03-28,F,2950,+61413418311,5103071699
2,210,tessa,rose,2003-09-04,F,2931,+61436142079,4132749951
2,266,jaziel,osborne,1950-11-23,M,2593,+61452290352,6205100994
2,149,lyanna,kline,1988-12-18,M,2236,+61490845073,5387264885
2,131,phoebe,mcbride,1991-09-07,F,2615,+61469378817,6026455303
2,180,livia,hood,2016-04-22,F,2719,+61443218345,7427391326
2,100,stormi,gomez,1929-03-01,F,2915,+61496066307,7187679418
2,168,aleah,peck,1908-02-23,M,2100,+61499958339,7831730581
2,263,hunter,trujillo,2007-12-02,M,2256,+61428882751,6823232568
2,192,scarlett,bauer,2016-12-30,M,2027,+61401410111,9270404811
2,277,marisol,callahan,1930-12-05,M,2887,+61481926713,6249818241
2,225,stetson,wiley,1967-09-30,F,2570,+61400520181,9567733229
2,288,persephone,moses,1989-08-08,F,2603,+61404633978,3062559164
2,216,esme,burton,1986-04-29,M,2567,+61426821992,7070506973
2,54,armando,nichols,1938-01-24,M,2072,+61410260429,9329180414
2,137,dion,sanford,1991-07-13,M,2442,+61402794159,1967974037
2,135,leland,callahan,1917-10-08,M,2690,+61458109581,3540083660
2,252,fatima,camacho,1918-06-15,F,2825,+61472870219,7343710060
2,293,ariel,hahn,1922-02-11,M,2386,+61423659350,5964033956
2,115,thalia,campbell,1912-06-22,F,2261,+61470783798,5088626994
2,278,benicio,barr,1941-11-26,M,2181,+61470961146,9248207827
2,202,clark,hopkins,1972-09-18,M,2598,+61498493101,5585932979
2,294,kalel,gallagher,1939-08-02,F,2228,+61470316055,3785313879
