Derrick,Spenser,11/10/2020,15.7,female,2255,0436056483,3683504527,537966,10/10/2025,3
Ensley,Espinosa,21/10/2006,78.8,unspecified,2471,0423020634,5455699470,673967,28/03/2004,3
Cass,Park,,46.2,male,2227,0453647597,6296631197,937865,30/12/1992,3
Jaden,Tan,4/06/2025,79.9,female,2840,0483688454,3961788762,611091,22/03/2047,3
Arielle,,6/05/2018,93,male,2992,0456655527,4117513184,940894,,3
Rick,Blanchrd,6/04/1998,44.1,unspecified,2547,0465028317,3287157766,662284,14/06/2015,3
Ensleigh,Espinoza,21/10/2006,78.8,unspecified,2471,0423020634,5455699470,751401,29/01/1978,3
Astride,Estes,17/09/2018,68.7,female,2886,0419774080,4558406063,260418,6/08/2036,3
Sam,Burnett,14/05/2019,29.9,,2854,0480784664,2260527780,688512,20/01/2023,3
Helen,Casey,12/04/2001,76.9,female,2110,0406140693,8850204466,779078,21/12/2021,3
Maddison,Barber,9/11/2021,91,female,2209,0438124202,4481335633,516555,29/02/1988,3
Cassidy,Palacios,5/05/1957,69.6,male,2901,,4924225404,,2/11/2016,3
Dani,Berg,28/12/1969,,female,2626,0453999108,9159056053,462008,,3
Neh,Kintero,25/10/1991,81.5,unspecified,2784,0427359509,,126260,16/02/2016,3
Maddox,Sherm,22/10/1999,61.8,male,2401,0475302141,2716765623,971790,15/09/2021,3
Damon,Fisher,2/06/1997,89.9,female,2728,0464023211,2350594305,157162,13/01/2003,3
Trase,Rosales,11/12/1969,69.2,male,2712,0459778857,4443818037,434758,8/09/2003,3
Peyton,,2/01/2014,44.7,male,2817,0473957878,2096479553,684093,4/08/2014,3
Ray,Win,22/05/1998,62.8,unspecified,2361,0461623617,9202335329,481084,5/08/2006,3
Jam,,10/09/2026,59.9,female,2586,0409240372,6495892881,699633,4/05/1994,3
Raquel,Bautis,30/09/1967,69.6,female,2650,0480284239,9260547271,962550,17/08/1993,3
Alana,Terry,17/09/2024,12.1,unspecified,2031,0453002313,8745481795,550087,4/12/2024,3
Payton,Fuller,2/01/2014,44.7,male,2817,0473957878,2096479553,,18/09/2019,3
Art,Bush,19/08/2026,77.4,unspecified,2775,0433672842,6828079170,850261,13/10/1997,3
Layla,Giles,3/04/2030,64.5,,2216,0460625732,8365590003,563853,25/03/1971,3
Il,Guerra,31/03/1996,70.6,unspecified,2273,0499761763,5605425642,5583,10/10/2013,3
Aleah,,23/02/2008,69.9,unspecified,2432,0409362262,2525474959,443517,27/11/1952,3
Eva,Lawson,28/06/1976,60.9,male,2896,0406367312,2315920532,359112,21/07/1992,3
Ira,Wei,19/01/2026,95.8,unspecified,2388,0434113940,1558254957,79752,16/12/1968,3
Shepherd,Zunig,5/05/1965,57.6,unspecified,2873,0433811932,4367033384,,17/06/2013,3
Kendall,Huang,25/06/2037,76.9,female,2275,0409201185,9911562240,168767,20/08/2023,3
Ensley,Espinosa,21/10/2006,78.8,unspecified,2471,0423020634,5455699470,613787,18/03/1974,3
,Gregory,6/05/2018,93,male,2992,0456655527,4117513184,227398,30/05/2010,3
Gerald,Ford,28/07/2029,76.6,female,2643,0413562223,4920716276,832990,9/11/1971,3
Angie,Drake,6/06/2005,98.7,unspecified,2402,0479054544,4664843848,759825,29/12/2016,3
Danielle,,28/12/1969,66.2,female,2626,0453999108,9159056053,724162,18/03/2015,3
Averie,Gibbs,30/12/2036,83.6,male,2233,0453285492,6675241636,562828,18/08/1995,3
Rayln,Winte,22/05/1998,62.8,unspecified,2361,0461623617,9202335329,417505,4/07/2009,3
Shephard,Zuniga,5/05/1965,57.6,unspecified,2873,0433811932,4367033384,,20/01/2007,3
Xim,,17/11/1993,83.2,unspecified,2754,0406676309,6018899522,50696,5/10/2022,3
Greta,Aus,4/09/2014,63.2,female,2703,0464267056,5108306853,587164,7/09/2016,3
Paislee,Cardenas,14/04/2000,78.5,unspecified,2339,0461491422,3576358404,854593,18/05/2015,3
Walter,Mac,2/05/2004,107,unspecified,2996,0487158881,,543663,27/05/2012,3
Will,Rivas,20/05/2010,78.3,male,2584,0473856627,6440536624,21864,27/08/2010,3
Malcom,Pakeco,11/02/2018,78.5,unspecified,2094,0432896497,1945560371,291581,20/10/2001,3
Cros,Avaloz,2/01/2023,93.3,unspecified,2537,0436237375,5683131838,174796,26/07/1997,3
Eliot,Trujillo,20/09/2029,97.2,unspecified,2935,0497743771,9355754757,588949,14/08/1953,3
Andrey,Daugherty,5/02/2027,62.7,female,2872,0406027140,9816757211,,18/03/1984,3
Espranza,Mac,9/10/1973,95.7,male,2473,0434809482,3081096686,525953,9/01/2014,3
Musa,Rosas,28/07/1976,60.2,male,2506,,8030745161,,11/08/1991,3
Yarely,Gard,17/06/1960,91.6,unspecified,2281,0486760376,1942612964,,16/02/2023,3
Ali,Selers,,77.8,female,2218,0435773782,3896762489,856602,5/12/2024,3
Bel,McKenzie,15/12/1956,92.5,unspecified,2327,0460377111,6975455100,973272,2/04/1989,3
Alana,Terry,17/09/2024,12.1,unspecified,2031,0453002313,8745481795,594411,27/01/2025,3
Belle,Mac,15/12/1956,92.5,unspecified,2327,0460377111,6975455100,818478,1/09/1972,3
Cross,Avalo,2/01/2023,93.3,unspecified,2537,0436237375,5683131838,766549,5/01/2038,3
Emmerson,Ray,8/10/1960,60.7,unspecified,2955,0455926363,1081222024,973459,3/12/1990,3
Karter,Trahn,17/04/1971,45.8,male,2456,0494570566,4574464663,267398,24/06/1994,3
Adelina,Cha,17/04/2020,23.5,male,2192,0432163045,7815223510,402929,17/03/2024,3
Belle,,15/12/1956,,unspecified,2327,,6975455100,490484,8/09/2007,3
Trace,Ros,11/12/1969,69.2,male,2712,0459778857,4443818037,136590,25/04/1983,3
Adelina,Chang,17/04/2020,23.5,male,2192,0432163045,7815223510,206050,29/10/2022,3
Raylan,Wintrs,22/05/1998,62.8,unspecified,2361,0461623617,9202335329,563670,17/05/2024,3
Bri,Lee,6/07/2033,84.7,unspecified,2834,0497168530,7928550849,569390,10/02/1969,3
Geralt,Fored,28/07/2029,76.6,female,2643,,,605671,8/08/1972,3
Jaylee,Ross,24/06/2045,95.6,male,2988,0481288784,5189970085,482874,4/03/1995,3
Yarely,Gardner,17/06/1960,91.6,unspecified,2281,0486760376,1942612964,205351,17/04/2024,3
Ava,Zhang,6/04/2009,69,unspecified,2210,0457188922,5079013207,980152,16/04/2023,3
Raylen,Winters,,62.8,unspecified,2361,0461623617,9202335329,824380,3/04/2005,3
Rowen,McKenzie,10/06/1954,60.9,male,2442,0412218874,,31731,7/08/1959,3
Wilson,Travi,22/05/1991,78.3,unspecified,,0460211645,9551872440,401216,27/07/2009,3
Moosa,Rosas,28/07/1976,60.2,male,2506,0491487696,8030745161,619715,26/11/1988,3
Elliot,Tru,20/09/2029,,,2935,0497743771,9355754757,,,3
Espranza,Mac,9/10/1973,95.7,male,2473,0434809482,3081096686,77771,14/10/2022,3
Will,Rivas,20/05/2010,78.3,male,2584,0473856627,6440536624,146200,10/12/2018,3
Luretta,Clark,9/07/2011,58.1,unspecified,2888,0492367272,6823232568,693905,2/11/2047,3
Crosby,Ava,2/01/2023,93.3,unspecified,2537,0436237375,5683131838,374197,8/04/1994,3
Wilson,Travys,22/05/1991,78.3,unspecified,2834,0460211645,9551872440,236034,21/05/1999,3
Noe,,22/01/2003,72.2,female,2191,0442511471,9252141720,364612,5/07/2009,3
Kelan,Pon,27/09/2002,89,unspecified,2365,0470919838,2390228694,92887,29/10/2015,3
Aubrey,Heath,1/10/1992,67.4,female,2719,0422859000,6142626872,218980,27/02/2006,3
And,Daugherty,5/02/2027,62.7,female,2872,0406027140,9816757211,22966,2/04/2010,3
Luca,Carr,17/04/2037,69.9,male,,0437686556,8530308960,849560,10/02/2009,3
Briella,Li,6/07/2033,84.7,unspecified,2834,0497168530,7928550849,645069,31/12/1951,3
Mac,Bishup,31/01/2004,66.1,female,2848,0437166812,2722634749,,3/01/2021,3
Adelina,Chang,17/04/2020,23.5,male,2192,0432163045,7815223510,54594,11/12/2020,3
Ismael,Chris,3/02/1972,53.1,male,2746,0410083750,9682336853,851729,8/06/1986,3
Jude,Kan,1/02/1989,75.4,female,2351,0456494748,4419665888,861804,23/04/2017,3
Peiton,Full,2/01/2014,,male,2817,0473957878,2096479553,895471,11/07/2016,3
Haly,Proctor,10/09/2010,75.2,unspecified,2083,0459734771,8949988015,614990,24/11/2024,3
Helen,Casey,12/04/2001,76.9,female,2110,0406140693,8850204466,528729,8/08/2010,3
Req,Bawtista,30/09/1967,69.6,female,2650,0480284239,9260547271,127472,7/05/2003,3
And,Daugh,5/02/2027,62.7,female,2872,0406027140,,859080,2/03/1965,3
Greta,Austin,4/09/2014,63.2,female,2703,0464267056,5108306853,853429,5/09/2017,3
Will,Zuniga,8/01/1992,74.8,female,,0416995522,3282625035,266972,17/12/2017,3
Crosby,Ava,2/01/2023,93.3,unspecified,2537,0436237375,5683131838,752575,28/08/2023,3
,Miles,22/06/2012,65.3,male,2672,0436629955,6559804143,800426,20/08/2048,3
Xim,Rasmusen,17/11/1993,,unspecified,2754,0406676309,6018899522,695260,1/11/2010,3
Walt,McBride,2/05/2004,107,unspecified,2996,0487158881,1586666819,643388,13/02/2002,3
Ast,Estes,17/09/2018,68.7,female,2886,0419774080,4558406063,39540,,3
